0,0,0,0.0
0,0,1,[]
0,0,2,-0.001402265
0,0,3,[]
0,0,4,0.0030932254
0,0,5,[]
0,0,6,-0.00090493914
0,0,7,[]
0,0,8,-0.01329596
0,0,9,[]
0,0,10,-0.033592083
0,0,11,[]
0,0,12,-0.07283619
0,0,13,[]
0,0,14,-0.07297966
0,0,15,[]
0,0,16,-0.0010963925
0,0,17,[]
0,0,18,0.055349052
0,0,19,[]
0,0,20,0.073845394
0,0,21,[]
0,0,22,0.06588348
0,0,23,[]
0,0,24,0.059480812
0,0,25,[]
0,0,26,0.05484857
0,0,27,[]
0,0,28,0.05180696
0,0,29,[]
0,0,30,0.0503483
0,0,31,[]
0,0,32,0.072208725
0,0,33,[]
0,0,34,0.082896
0,0,35,[]
0,0,36,0.07730733
0,0,37,[]
0,0,38,0.07210885
0,0,39,[]
0,0,40,0.06394072
0,0,41,[]
0,0,42,0.06287337
0,0,43,[]
0,0,44,0.06156486
0,0,45,[]
0,0,46,0.055142034
0,0,47,[]
0,0,48,0.045841467
0,0,49,[]
0,0,50,0.032017805
0,0,51,[]
0,0,52,0.015422497
0,0,53,[]
0,0,54,-0.0010523461
0,0,55,[]
0,0,56,-0.010858057
0,0,57,[]
0,0,58,-0.0163726
0,0,59,[]
0,0,60,-0.020669444
0,0,61,[]
0,0,62,-0.0271763
0,0,63,[]
0,0,64,-0.032800354
0,0,65,[]
0,0,66,-0.032784563
0,0,67,[]
0,0,68,-0.03776066
0,0,69,[]
0,0,70,-0.04316153
0,0,71,[]
0,0,72,-0.052513182
0,0,73,[]
0,0,74,-0.07226601
0,0,75,[]
0,0,76,-0.083754845
0,0,77,[]
0,0,78,-0.08580163
0,0,79,[]
0,0,80,-0.08145215
0,0,81,[]
0,0,82,-0.07126731
0,0,83,[]
0,0,84,-0.062902234
0,0,85,[]
0,0,86,-0.04783682
0,0,87,[]
0,0,88,-0.02939121
0,0,89,[]
0,0,90,-0.0079899365
0,0,91,[]
0,0,92,0.008755207
0,0,93,[]
0,0,94,0.01808698
0,0,95,[]
0,0,96,0.026711265
0,0,97,[]
0,0,98,0.036881205
0,0,99,[]
0,0,100,0.047471724
0,0,101,[]
0,0,102,0.05661285
0,0,103,[]
0,0,104,0.062649466
0,0,105,[]
0,0,106,0.06909553
0,0,107,[]
0,0,108,0.06527764
0,0,109,[]
0,0,110,0.058712956
0,0,111,[]
0,0,112,0.04967939
0,0,113,[]
0,0,114,0.04154251
0,0,115,[]
0,0,116,0.036580045
0,0,117,[]
0,0,118,0.034241237
0,0,119,[]
0,0,120,0.03643671
0,0,121,[]
0,0,122,0.036614567
0,0,123,[]
0,0,124,0.02998777
0,0,125,[]
0,0,126,0.026412893
0,0,127,[]
0,0,128,0.02244295
0,0,129,[]
0,0,130,0.006272326
0,0,131,[]
0,0,132,-0.012931813
0,0,133,[]
0,0,134,-0.02153823
0,0,135,[]
0,0,136,-0.034055702
0,0,137,[]
0,0,138,-0.045160357
0,0,139,[]
0,0,140,-0.058028337
0,0,141,[]
0,0,142,-0.06488598
0,0,143,[]
0,0,144,-0.070119835
0,0,145,[]
0,0,146,-0.06877494
0,0,147,[]
0,0,148,-0.067405544
0,0,149,[]
0,0,150,-0.061180294
0,0,151,[]
0,0,152,-0.0519338
0,0,153,[]
0,0,154,-0.04015037
0,0,155,[]
0,0,156,-0.016464649
0,0,157,[]
0,0,158,0.0032603478
0,0,159,[]
0,0,160,0.016073123
0,0,161,[]
0,0,162,0.029707063
0,0,163,[]
0,0,164,0.036310885
0,0,165,[]
0,0,166,0.043548413
0,0,167,[]
0,0,168,0.048658144
0,0,169,[]
0,0,170,0.05610897
0,0,171,[]
0,0,172,0.06469246
0,0,173,[]
0,0,174,0.066481695
0,0,175,[]
0,0,176,0.06072981
0,0,177,[]
0,0,178,0.050054286
0,0,179,[]
0,0,180,0.041533295
0,0,181,[]
0,0,182,0.031534594
0,0,183,[]
0,0,184,0.031748768
0,0,185,[]
0,0,186,0.030803435
0,0,187,[]
0,0,188,0.034407105
0,0,189,[]
0,0,190,0.038942534
0,0,191,[]
0,0,192,0.03652465
0,0,193,[]
0,0,194,0.033248886
0,0,195,[]
0,0,196,0.027000077
0,0,197,[]
0,0,198,0.012190886
0,0,199,[]
0,0,200,-0.005726261
0,0,201,[]
0,0,202,-0.018699886
0,0,203,[]
0,0,204,-0.029324878
0,0,205,[]
0,0,206,-0.04225118
0,0,207,[]
0,0,208,-0.048408706
0,0,209,[]
0,0,210,-0.05980603
0,0,211,[]
0,0,212,-0.06614392
0,0,213,[]
0,0,214,-0.06846918
0,0,215,[]
0,0,216,-0.06684099
0,0,217,[]
0,0,218,-0.06557633
0,0,219,[]
0,0,220,-0.054536577
0,0,221,[]
0,0,222,-0.04248333
0,0,223,[]
0,0,224,-0.029216742
0,0,225,[]
0,0,226,-0.0056091067
0,0,227,[]
0,0,228,0.012498074
0,0,229,[]
0,0,230,0.0239479
0,0,231,[]
0,0,232,0.031592354
0,0,233,[]
0,0,234,0.039279796
0,0,235,[]
0,0,236,0.046056155
0,0,237,[]
0,0,238,0.052402236
0,0,239,[]
0,0,240,0.060375243
0,0,241,[]
0,0,242,0.06667977
0,0,243,[]
0,0,244,0.06473729
0,0,245,[]
0,0,246,0.054779254
0,0,247,[]
0,0,248,0.045471437
0,0,249,[]
0,0,250,0.034975987
0,0,251,[]
0,0,252,0.030590385
0,0,253,[]
0,0,254,0.030555598
0,0,255,[]
0,0,256,0.032533944
0,0,257,[]
0,0,258,0.03765191
0,0,259,[]
0,0,260,0.038657486
0,0,261,[]
0,0,262,0.033662513
0,0,263,[]
0,0,264,0.029232208
0,0,265,[]
0,0,266,0.017021056
0,0,267,[]
0,0,268,-0.0014271047
0,0,269,[]
0,0,270,-0.014691343
0,0,271,[]
0,0,272,-0.024881085
0,0,273,[]
0,0,274,-0.037944764
0,0,275,[]
0,0,276,-0.046679046
0,0,277,[]
0,0,278,-0.058228187
0,0,279,[]
0,0,280,-0.066237904
0,0,281,[]
0,0,282,-0.070373505
0,0,283,[]
0,0,284,-0.06973399
0,0,285,[]
0,0,286,-0.066872284
0,0,287,[]
0,0,288,-0.059868954
0,0,289,[]
0,0,290,-0.048084494
0,0,291,[]
0,0,292,-0.035506822
0,0,293,[]
0,0,294,-0.014712646
0,0,295,[]
0,0,296,0.0047190962
0,0,297,[]
0,0,298,0.01860612
0,0,299,[]
0,0,300,0.032050118
0,0,301,[]
0,0,302,0.03672593
0,0,303,[]
0,0,304,0.046153422
0,0,305,[]
0,0,306,0.05073231
0,0,307,[]
0,0,308,0.05665308
0,0,309,[]
0,0,310,0.0672506
0,0,311,[]
0,0,312,0.06501543
0,0,313,[]
0,0,314,0.059290204
0,0,315,[]
0,0,316,0.048296787
0,0,317,[]
0,0,318,0.03754087
0,0,319,[]
0,0,320,0.033056173
0,0,321,[]
0,0,322,0.030376934
0,0,323,[]
0,0,324,0.031557314
0,0,325,[]
0,0,326,0.037627626
0,0,327,[]
0,0,328,0.038864546
0,0,329,[]
0,0,330,0.035049543
0,0,331,[]
0,0,332,0.030596705
0,0,333,[]
0,0,334,0.022238674
0,0,335,[]
0,0,336,0.0060774027
0,0,337,[]
0,0,338,-0.0120207975
0,0,339,[]
0,0,340,-0.023270193
0,0,341,[]
0,0,342,-0.034159448
0,0,343,[]
0,0,344,-0.04254147
0,0,345,[]
0,0,346,-0.056202304
0,0,347,[]
0,0,348,-0.06482108
0,0,349,[]
0,0,350,-0.07028348
0,0,351,[]
0,0,352,-0.06996642
0,0,353,[]
0,0,354,-0.06690739
0,0,355,[]
0,0,356,-0.06318299
0,0,357,[]
0,0,358,-0.05278591
0,0,359,[]
0,0,360,-0.036919966
0,0,361,[]
0,0,362,-0.021407003
0,0,363,[]
0,0,364,-0.005163227
0,0,365,[]
0,0,366,0.016406724
0,0,367,[]
0,0,368,0.030211916
0,0,369,[]
0,0,370,0.034595694
0,0,371,[]
0,0,372,0.045085054
0,0,373,[]
0,0,374,0.050934304
0,0,375,[]
0,0,376,0.05625959
0,0,377,[]
0,0,378,0.06334907
0,0,379,[]
0,0,380,0.06694908
0,0,381,[]
0,0,382,0.061165985
0,0,383,[]
0,0,384,0.050290603
0,0,385,[]
0,0,386,0.04209676
0,0,387,[]
0,0,388,0.032092754
0,0,389,[]
0,0,390,0.03217481
0,0,391,[]
0,0,392,0.032460485
0,0,393,[]
0,0,394,0.03528397
0,0,395,[]
0,0,396,0.039177887
0,0,397,[]
0,0,398,0.035538286
0,0,399,[]
0,0,400,0.031501085
0,0,401,[]
0,0,402,0.0254383
0,0,403,[]
0,0,404,0.008751672
0,0,405,[]
0,0,406,-0.007733622
0,0,407,[]
0,0,408,-0.01994541
0,0,409,[]
0,0,410,-0.031456243
0,0,411,[]
0,0,412,-0.04358165
0,0,413,[]
0,0,414,-0.051280137
0,0,415,[]
0,0,416,-0.06424109
0,0,417,[]
0,0,418,-0.06875831
0,0,419,[]
0,0,420,-0.06986136
0,0,421,[]
0,0,422,-0.067627266
0,0,423,[]
0,0,424,-0.06485921
0,0,425,[]
0,0,426,-0.05548189
0,0,427,[]
0,0,428,-0.040959783
0,0,429,[]
0,0,430,-0.026512818
0,0,431,[]
0,0,432,-0.003388263
0,0,433,[]
0,0,434,0.012292674
0,0,435,[]
0,0,436,0.024531398
0,0,437,[]
0,0,438,0.03209552
0,0,439,[]
0,0,440,0.039869066
0,0,441,[]
0,0,442,0.04715172
0,0,443,[]
0,0,444,0.053750303
0,0,445,[]
0,0,446,0.061576903
0,0,447,[]
0,0,448,0.067176476
0,0,449,[]
0,0,450,0.06400646
0,0,451,[]
0,0,452,0.053333875
0,0,453,[]
0,0,454,0.04461458
0,0,455,[]
0,0,456,0.032718096
0,0,457,[]
0,0,458,0.032050803
0,0,459,[]
0,0,460,0.02977497
0,0,461,[]
0,0,462,0.033486858
0,0,463,[]
0,0,464,0.038871128
0,0,465,[]
0,0,466,0.03629708
0,0,467,[]
0,0,468,0.033624068
0,0,469,[]
0,0,470,0.024906596
0,0,471,[]
0,0,472,0.012918919
0,0,473,[]
0,0,474,-0.003644382
0,0,475,[]
0,0,476,-0.017765054
0,0,477,[]
0,0,478,-0.027698327
0,0,479,[]
0,0,480,-0.03972846
0,0,481,[]
0,0,482,-0.054281622
0,0,483,[]
0,0,484,-0.06002412
0,0,485,[]
0,0,486,-0.06761286
0,0,487,[]
0,0,488,-0.071840234
0,0,489,[]
0,0,490,-0.069793686
0,0,491,[]
0,0,492,-0.06777961
0,0,493,[]
0,0,494,-0.060516663
0,0,495,[]
0,0,496,-0.047900066
0,0,497,[]
0,0,498,-0.034922488
0,0,499,[]
0,0,500,-0.013220803
0,0,501,[]
0,0,502,0.0061263186
0,0,503,[]
0,0,504,0.019094663
0,0,505,[]
0,0,506,0.03323442
0,0,507,[]
0,0,508,0.036910236
0,0,509,[]
0,0,510,0.045346193
0,0,511,[]
0,0,512,0.050242707
0,0,513,[]
0,0,514,0.058148645
0,0,515,[]
0,0,516,0.06598969
0,0,517,[]
0,0,518,0.06633085
0,0,519,[]
0,0,520,0.057985254
0,0,521,[]
0,0,522,0.04972929
0,0,523,[]
0,0,524,0.037828773
0,0,525,[]
0,0,526,0.032804426
0,0,527,[]
0,0,528,0.030954283
0,0,529,[]
0,0,530,0.031748284
0,0,531,[]
0,0,532,0.037726343
0,0,533,[]
0,0,534,0.03910141
0,0,535,[]
0,0,536,0.0354486
0,0,537,[]
0,0,538,0.029961804
0,0,539,[]
0,0,540,0.022973945
0,0,541,[]
0,0,542,0.0043565677
0,0,543,[]
0,0,544,-0.011663654
0,0,545,[]
0,0,546,-0.022014983
0,0,547,[]
0,0,548,-0.033718757
0,0,549,[]
0,0,550,-0.04189159
0,0,551,[]
0,0,552,-0.05545577
0,0,553,[]
0,0,554,-0.0649329
0,0,555,[]
0,0,556,-0.07094973
0,0,557,[]
0,0,558,-0.068263665
0,0,559,[]
0,0,560,-0.06629874
0,0,561,[]
0,0,562,-0.0626375
0,0,563,[]
0,0,564,-0.053359088
0,0,565,[]
0,0,566,-0.037274748
0,0,567,[]
0,0,568,-0.024681466
0,0,569,[]
0,0,570,-0.0015100946
0,0,571,[]
0,0,572,0.015079019
0,0,573,[]
0,0,574,0.026915643
0,0,575,[]
0,0,576,0.03400095
0,0,577,[]
0,0,578,0.041943736
0,0,579,[]
0,0,580,0.049175445
0,0,581,[]
0,0,582,0.054651894
0,0,583,[]
0,0,584,0.06395418
0,0,585,[]
0,0,586,0.066258125
0,0,587,[]
0,0,588,0.061902024
0,0,589,[]
0,0,590,0.048492704
0,0,591,[]
0,0,592,0.041691013
0,0,593,[]
0,0,594,0.032024913
0,0,595,[]
0,0,596,0.031218642
0,0,597,[]
0,0,598,0.031019002
0,0,599,[]
0,0,600,0.03524136
0,0,601,[]
0,0,602,0.038278043
0,0,603,[]
0,0,604,0.035099097
0,0,605,[]
0,0,606,0.03134249
0,0,607,[]
0,0,608,0.024912685
0,0,609,[]
0,0,610,0.008965835
0,0,611,[]
0,0,612,-0.008353057
0,0,613,[]
0,0,614,-0.021158278
0,0,615,[]
0,0,616,-0.03211575
0,0,617,[]
0,0,618,-0.04414804
0,0,619,[]
0,0,620,-0.0510935
0,0,621,[]
0,0,622,-0.06382491
0,0,623,[]
0,0,624,-0.06833992
0,0,625,[]
0,0,626,-0.06914696
0,0,627,[]
0,0,628,-0.06625264
0,0,629,[]
0,0,630,-0.06368378
0,0,631,[]
0,0,632,-0.05457817
0,0,633,[]
0,0,634,-0.039410073
0,0,635,[]
0,0,636,-0.027134046
0,0,637,[]
0,0,638,-0.004735605
0,0,639,[]
0,0,640,0.011333439
0,0,641,[]
0,0,642,0.024378238
0,0,643,[]
0,0,644,0.032574866
0,0,645,[]
0,0,646,0.04073102
0,0,647,[]
0,0,648,0.047958728
0,0,649,[]
0,0,650,0.05466306
0,0,651,[]
0,0,652,0.062025804
0,0,653,[]
0,0,654,0.06634694
0,0,655,[]
0,0,656,0.061979987
0,0,657,[]
0,0,658,0.051616214
0,0,659,[]
0,0,660,0.04346546
0,0,661,[]
0,0,662,0.030842854
0,0,663,[]
0,0,664,0.030714696
0,0,665,[]
0,0,666,0.029701417
0,0,667,[]
0,0,668,0.032087497
0,0,669,[]
0,0,670,0.039720073
0,0,671,[]
0,0,672,0.03654295
0,0,673,[]
0,0,674,0.032304127
0,0,675,[]
0,0,676,0.027207425
0,0,677,[]
0,0,678,0.015215117
0,0,679,[]
0,0,680,-0.003360347
0,0,681,[]
0,0,682,-0.018426476
0,0,683,[]
0,0,684,-0.027684906
0,0,685,[]
0,0,686,-0.03954666
0,0,687,[]
0,0,688,-0.046205018
0,0,689,[]
0,0,690,-0.05936548
0,0,691,[]
0,0,692,-0.0650451
0,0,693,[]
0,0,694,-0.068799675
0,0,695,[]
0,0,696,-0.06694847
0,0,697,[]
0,0,698,-0.065216616
0,0,699,[]
0,0,700,-0.058077767
0,0,701,[]
0,0,702,-0.045966957
0,0,703,[]
0,0,704,-0.034426227
0,0,705,[]
0,0,706,-0.013242881
0,0,707,[]
0,0,708,0.0062406603
0,0,709,[]
0,0,710,0.019355338
0,0,711,[]
0,0,712,0.03239954
0,0,713,[]
0,0,714,0.03859287
0,0,715,[]
0,0,716,0.04833533
0,0,717,[]
0,0,718,0.05398089
0,0,719,[]
0,0,720,0.060744476
0,0,721,[]
0,0,722,0.06576622
0,0,723,[]
0,0,724,0.06341906
0,0,725,[]
0,0,726,0.053180017
0,0,727,[]
0,0,728,0.046090383
0,0,729,[]
0,0,730,0.036332358
0,0,731,[]
0,0,732,0.03160853
0,0,733,[]
0,0,734,0.031327907
0,0,735,[]
0,0,736,0.03296899
0,0,737,[]
0,0,738,0.036913637
0,0,739,[]
0,0,740,0.03884504
0,0,741,[]
0,0,742,0.034400683
0,0,743,[]
0,0,744,0.027536131
0,0,745,[]
0,0,746,0.018091012
0,0,747,[]
0,0,748,0.0012715791
0,0,749,[]
0,0,750,-0.014128858
0,0,751,[]
0,0,752,-0.024606101
0,0,753,[]
0,0,754,-0.036579657
0,0,755,[]
0,0,756,-0.049703676
0,0,757,[]
0,0,758,-0.059152223
0,0,759,[]
0,0,760,-0.06416989
0,0,761,[]
0,0,762,-0.070989974
0,0,763,[]
0,0,764,-0.07032989
0,0,765,[]
0,0,766,-0.06750358
0,0,767,[]
0,0,768,-0.062053543
0,0,769,[]
0,0,770,-0.053663574
0,0,771,[]
0,0,772,-0.037799526
0,0,773,[]
0,0,774,-0.022060936
0,0,775,[]
0,0,776,-0.00072180387
0,0,777,[]
0,0,778,0.013793117
0,0,779,[]
0,0,780,0.027648196
0,0,781,[]
0,0,782,0.0348479
0,0,783,[]
0,0,784,0.042653766
0,0,785,[]
0,0,786,0.050117295
0,0,787,[]
0,0,788,0.056297187
0,0,789,[]
0,0,790,0.063724495
0,0,791,[]
0,0,792,0.066059664
0,0,793,[]
0,0,794,0.060379736
0,0,795,[]
0,0,796,0.048879914
0,0,797,[]
0,0,798,0.041153707
0,0,799,[]
0,0,800,0.029699547
0,0,801,[]
0,0,802,0.028578496
0,0,803,[]
0,0,804,0.030419314
0,0,805,[]
0,0,806,0.032188136
0,0,807,[]
0,0,808,0.039506838
0,0,809,[]
0,0,810,0.03623242
0,0,811,[]
0,0,812,0.032730535
0,0,813,[]
0,0,814,0.025172412
0,0,815,[]
0,0,816,0.01015438
0,0,817,[]
0,0,818,-0.006559787
0,0,819,[]
0,0,820,-0.019306734
0,0,821,[]
0,0,822,-0.029148065
0,0,823,[]
0,0,824,-0.042040598
0,0,825,[]
0,0,826,-0.050191704
0,0,827,[]
0,0,828,-0.061864685
0,0,829,[]
0,0,830,-0.06774105
0,0,831,[]
0,0,832,-0.06974067
0,0,833,[]
0,0,834,-0.0671184
0,0,835,[]
0,0,836,-0.06498649
0,0,837,[]
0,0,838,-0.05760697
0,0,839,[]
0,0,840,-0.045440137
0,0,841,[]
0,0,842,-0.033526562
0,0,843,[]
0,0,844,-0.012513508
0,0,845,[]
0,0,846,0.005849714
0,0,847,[]
0,0,848,0.018498622
0,0,849,[]
0,0,850,0.03268383
0,0,851,[]
0,0,852,0.038596578
0,0,853,[]
0,0,854,0.048439905
0,0,855,[]
0,0,856,0.054326233
0,0,857,[]
0,0,858,0.060492486
0,0,859,[]
0,0,860,0.06497713
0,0,861,[]
0,0,862,0.06298883
0,0,863,[]
0,0,864,0.05381969
0,0,865,[]
0,0,866,0.046105403
0,0,867,[]
0,0,868,0.032934353
0,0,869,[]
0,0,870,0.03191221
0,0,871,[]
0,0,872,0.028954659
0,0,873,[]
0,0,874,0.031572253
0,0,875,[]
0,0,876,0.03842051
0,0,877,[]
0,0,878,0.03751659
0,0,879,[]
0,0,880,0.033561997
0,0,881,[]
0,0,882,0.029862948
0,0,883,[]
0,0,884,0.018420776
0,0,885,[]
0,0,886,7.956769e-05
0,0,887,[]
0,0,888,-0.014783865
0,0,889,[]
0,0,890,-0.025569456
0,0,891,[]
0,0,892,-0.037530344
0,0,893,[]
0,0,894,-0.045096494
0,0,895,[]
0,0,896,-0.060170054
0,0,897,[]
0,0,898,-0.06388713
0,0,899,[]
0,0,900,-0.06955701
0,0,901,[]
0,0,902,-0.06787007
0,0,903,[]
0,0,904,-0.06555749
0,0,905,[]
0,0,906,-0.06004225
0,0,907,[]
0,0,908,-0.05172475
0,0,909,[]
0,0,910,-0.036623128
0,0,911,[]
0,0,912,-0.023655672
0,0,913,[]
0,0,914,-0.0068668993
0,0,915,[]
0,0,916,0.010373229
0,0,917,[]
0,0,918,0.028727422
0,0,919,[]
0,0,920,0.034281697
0,0,921,[]
0,0,922,0.044129394
0,0,923,[]
0,0,924,0.05132842
0,0,925,[]
0,0,926,0.056816276
0,0,927,[]
0,0,928,0.06310801
0,0,929,[]
0,0,930,0.064025044
0,0,931,[]
0,0,932,0.056322403
0,0,933,[]
0,0,934,0.047656093
0,0,935,[]
0,0,936,0.037451655
0,0,937,[]
0,0,938,0.033160582
0,0,939,[]
0,0,940,0.030335294
0,0,941,[]
0,0,942,0.031116148
0,0,943,[]
0,0,944,0.03672638
0,0,945,[]
0,0,946,0.039119616
0,0,947,[]
0,0,948,0.03566347
0,0,949,[]
0,0,950,0.02907219
0,0,951,[]
0,0,952,0.020444047
0,0,953,[]
0,0,954,0.0061349287
0,0,955,[]
0,0,956,-0.010156036
0,0,957,[]
0,0,958,-0.02157895
0,0,959,[]
0,0,960,-0.03295015
0,0,961,[]
0,0,962,-0.04753916
0,0,963,[]
0,0,964,-0.05574829
0,0,965,[]
0,0,966,-0.06429022
0,0,967,[]
0,0,968,-0.070459485
0,0,969,[]
0,0,970,-0.06941113
0,0,971,[]
0,0,972,-0.06702237
0,0,973,[]
0,0,974,-0.06458301
0,0,975,[]
0,0,976,-0.05555093
0,0,977,[]
0,0,978,-0.041990276
0,0,979,[]
0,0,980,-0.029469706
0,0,981,[]
0,0,982,-0.00804383
0,0,983,[]
0,0,984,0.0055870684
0,0,985,[]
0,0,986,0.019964391
0,0,987,[]
0,0,988,0.033727933
0,0,989,[]
0,0,990,0.038665473
0,0,991,[]
0,0,992,0.047591887
0,0,993,[]
0,0,994,0.054369297
0,0,995,[]
0,0,996,0.06094155
0,0,997,[]
0,0,998,0.06567218
0,0,999,[]
0,1,0,0.0
0,1,1,[]
0,1,2,-0.02690809
0,1,3,[]
0,1,4,-0.03672869
0,1,5,[]
0,1,6,-0.049278587
0,1,7,[]
0,1,8,-0.064448535
0,1,9,[]
0,1,10,-0.08207947
0,1,11,[]
0,1,12,-0.09262175
0,1,13,[]
0,1,14,-0.050945655
0,1,15,[]
0,1,16,0.04360355
0,1,17,[]
0,1,18,0.10378636
0,1,19,[]
0,1,20,0.11302635
0,1,21,[]
0,1,22,0.10344345
0,1,23,[]
0,1,24,0.09886921
0,1,25,[]
0,1,26,0.09939204
0,1,27,[]
0,1,28,0.105340965
0,1,29,[]
0,1,30,0.11578622
0,1,31,[]
0,1,32,0.08895793
0,1,33,[]
0,1,34,0.037071735
0,1,35,[]
0,1,36,-0.0002103133
0,1,37,[]
0,1,38,-0.0057247733
0,1,39,[]
0,1,40,-0.009307463
0,1,41,[]
0,1,42,-0.010231259
0,1,43,[]
0,1,44,-0.01656522
0,1,45,[]
0,1,46,-0.024713194
0,1,47,[]
0,1,48,-0.040500853
0,1,49,[]
0,1,50,-0.06815911
0,1,51,[]
0,1,52,-0.08107851
0,1,53,[]
0,1,54,-0.078301296
0,1,55,[]
0,1,56,-0.059226077
0,1,57,[]
0,1,58,-0.044776715
0,1,59,[]
0,1,60,-0.026425105
0,1,61,[]
0,1,62,-0.0035295652
0,1,63,[]
0,1,64,0.008050229
0,1,65,[]
0,1,66,0.008338379
0,1,67,[]
0,1,68,0.021997493
0,1,69,[]
0,1,70,0.03453647
0,1,71,[]
0,1,72,0.047906224
0,1,73,[]
0,1,74,0.056593534
0,1,75,[]
0,1,76,0.04028389
0,1,77,[]
0,1,78,0.016135301
0,1,79,[]
0,1,80,-0.0011763498
0,1,81,[]
0,1,82,-0.01527544
0,1,83,[]
0,1,84,-0.029526802
0,1,85,[]
0,1,86,-0.04318449
0,1,87,[]
0,1,88,-0.032949526
0,1,89,[]
0,1,90,-0.019446272
0,1,91,[]
0,1,92,-0.0081869
0,1,93,[]
0,1,94,0.006974315
0,1,95,[]
0,1,96,0.022296434
0,1,97,[]
0,1,98,0.020361362
0,1,99,[]
0,1,100,0.022338418
0,1,101,[]
0,1,102,0.0138448225
0,1,103,[]
0,1,104,0.004195875
0,1,105,[]
0,1,106,-0.009136816
0,1,107,[]
0,1,108,-0.0041633537
0,1,109,[]
0,1,110,0.0025393812
0,1,111,[]
0,1,112,0.014095311
0,1,113,[]
0,1,114,0.026331056
0,1,115,[]
0,1,116,0.032894023
0,1,117,[]
0,1,118,0.039607193
0,1,119,[]
0,1,120,0.040326856
0,1,121,[]
0,1,122,0.030175976
0,1,123,[]
0,1,124,0.019174246
0,1,125,[]
0,1,126,0.007924302
0,1,127,[]
0,1,128,0.00018779784
0,1,129,[]
0,1,130,-0.012614442
0,1,131,[]
0,1,132,-0.02081307
0,1,133,[]
0,1,134,-0.023362275
0,1,135,[]
0,1,136,-0.024998754
0,1,137,[]
0,1,138,-0.022916984
0,1,139,[]
0,1,140,-0.018547712
0,1,141,[]
0,1,142,-0.01559579
0,1,143,[]
0,1,144,-0.01253024
0,1,145,[]
0,1,146,-0.011549241
0,1,147,[]
0,1,148,-0.0141926035
0,1,149,[]
0,1,150,-0.020500435
0,1,151,[]
0,1,152,-0.019750684
0,1,153,[]
0,1,154,-0.016726268
0,1,155,[]
0,1,156,-0.008909341
0,1,157,[]
0,1,158,0.0010538307
0,1,159,[]
0,1,160,0.010887364
0,1,161,[]
0,1,162,0.014979026
0,1,163,[]
0,1,164,0.013958756
0,1,165,[]
0,1,166,0.010837295
0,1,167,[]
0,1,168,0.0032044188
0,1,169,[]
0,1,170,-0.009185023
0,1,171,[]
0,1,172,-0.015750496
0,1,173,[]
0,1,174,-0.011380346
0,1,175,[]
0,1,176,-0.0018980419
0,1,177,[]
0,1,178,0.01085319
0,1,179,[]
0,1,180,0.020997737
0,1,181,[]
0,1,182,0.03415179
0,1,183,[]
0,1,184,0.036696024
0,1,185,[]
0,1,186,0.038849793
0,1,187,[]
0,1,188,0.036853455
0,1,189,[]
0,1,190,0.029933784
0,1,191,[]
0,1,192,0.01644538
0,1,193,[]
0,1,194,0.00836245
0,1,195,[]
0,1,196,-0.0011186457
0,1,197,[]
0,1,198,-0.0071098185
0,1,199,[]
0,1,200,-0.015113263
0,1,201,[]
0,1,202,-0.018681625
0,1,203,[]
0,1,204,-0.020631004
0,1,205,[]
0,1,206,-0.020957975
0,1,207,[]
0,1,208,-0.017671354
0,1,209,[]
0,1,210,-0.015689509
0,1,211,[]
0,1,212,-0.014351485
0,1,213,[]
0,1,214,-0.012822496
0,1,215,[]
0,1,216,-0.013433995
0,1,217,[]
0,1,218,-0.017132392
0,1,219,[]
0,1,220,-0.022026105
0,1,221,[]
0,1,222,-0.017121721
0,1,223,[]
0,1,224,-0.012897138
0,1,225,[]
0,1,226,-0.0033547145
0,1,227,[]
0,1,228,0.008115903
0,1,229,[]
0,1,230,0.014353194
0,1,231,[]
0,1,232,0.014990303
0,1,233,[]
0,1,234,0.013202618
0,1,235,[]
0,1,236,0.007603145
0,1,237,[]
0,1,238,-0.0032963513
0,1,239,[]
0,1,240,-0.012615111
0,1,241,[]
0,1,242,-0.014795971
0,1,243,[]
0,1,244,-0.0043620355
0,1,245,[]
0,1,246,0.005018977
0,1,247,[]
0,1,248,0.016092427
0,1,249,[]
0,1,250,0.029015508
0,1,251,[]
0,1,252,0.036851678
0,1,253,[]
0,1,254,0.038602993
0,1,255,[]
0,1,256,0.03892774
0,1,257,[]
0,1,258,0.033549212
0,1,259,[]
0,1,260,0.020618597
0,1,261,[]
0,1,262,0.009876672
0,1,263,[]
0,1,264,0.001264589
0,1,265,[]
0,1,266,-0.0058187926
0,1,267,[]
0,1,268,-0.015183805
0,1,269,[]
0,1,270,-0.018481348
0,1,271,[]
0,1,272,-0.020786472
0,1,273,[]
0,1,274,-0.022412438
0,1,275,[]
0,1,276,-0.019403005
0,1,277,[]
0,1,278,-0.014783398
0,1,279,[]
0,1,280,-0.013282805
0,1,281,[]
0,1,282,-0.011585764
0,1,283,[]
0,1,284,-0.011726657
0,1,285,[]
0,1,286,-0.015377489
0,1,287,[]
0,1,288,-0.022175856
0,1,289,[]
0,1,290,-0.020106263
0,1,291,[]
0,1,292,-0.016334279
0,1,293,[]
0,1,294,-0.008304677
0,1,295,[]
0,1,296,0.002819511
0,1,297,[]
0,1,298,0.012109961
0,1,299,[]
0,1,300,0.015174482
0,1,301,[]
0,1,302,0.013611361
0,1,303,[]
0,1,304,0.009998019
0,1,305,[]
0,1,306,0.0011273957
0,1,307,[]
0,1,308,-0.007697179
0,1,309,[]
0,1,310,-0.017243123
0,1,311,[]
0,1,312,-0.0067989533
0,1,313,[]
0,1,314,0.00076469214
0,1,315,[]
0,1,316,0.012175402
0,1,317,[]
0,1,318,0.0264327
0,1,319,[]
0,1,320,0.032454614
0,1,321,[]
0,1,322,0.038034584
0,1,323,[]
0,1,324,0.03908054
0,1,325,[]
0,1,326,0.03397292
0,1,327,[]
0,1,328,0.027159253
0,1,329,[]
0,1,330,0.014479432
0,1,331,[]
0,1,332,0.0047205565
0,1,333,[]
0,1,334,-0.0020607787
0,1,335,[]
0,1,336,-0.012268719
0,1,337,[]
0,1,338,-0.017962255
0,1,339,[]
0,1,340,-0.020274693
0,1,341,[]
0,1,342,-0.022946615
0,1,343,[]
0,1,344,-0.02018308
0,1,345,[]
0,1,346,-0.015865881
0,1,347,[]
0,1,348,-0.013842752
0,1,349,[]
0,1,350,-0.01227844
0,1,351,[]
0,1,352,-0.0113451155
0,1,353,[]
0,1,354,-0.013710866
0,1,355,[]
0,1,356,-0.018703911
0,1,357,[]
0,1,358,-0.022308152
0,1,359,[]
0,1,360,-0.016912466
0,1,361,[]
0,1,362,-0.010932673
0,1,363,[]
0,1,364,-0.0030750646
0,1,365,[]
0,1,366,0.009918104
0,1,367,[]
0,1,368,0.015422437
0,1,369,[]
0,1,370,0.014187844
0,1,371,[]
0,1,372,0.012968341
0,1,373,[]
0,1,374,0.0050390908
0,1,375,[]
0,1,376,-0.0034473536
0,1,377,[]
0,1,378,-0.011631375
0,1,379,[]
0,1,380,-0.007892691
0,1,381,[]
0,1,382,-0.0013040958
0,1,383,[]
0,1,384,0.011410281
0,1,385,[]
0,1,386,0.02141843
0,1,387,[]
0,1,388,0.032785036
0,1,389,[]
0,1,390,0.03668651
0,1,391,[]
0,1,392,0.03868837
0,1,393,[]
0,1,394,0.036709003
0,1,395,[]
0,1,396,0.02937333
0,1,397,[]
0,1,398,0.015147701
0,1,399,[]
0,1,400,0.0075376583
0,1,401,[]
0,1,402,-6.692716e-05
0,1,403,[]
0,1,404,-0.009494618
0,1,405,[]
0,1,406,-0.017137537
0,1,407,[]
0,1,408,-0.019289084
0,1,409,[]
0,1,410,-0.021904225
0,1,411,[]
0,1,412,-0.021846898
0,1,413,[]
0,1,414,-0.017624559
0,1,415,[]
0,1,416,-0.015504018
0,1,417,[]
0,1,418,-0.013455828
0,1,419,[]
0,1,420,-0.01204707
0,1,421,[]
0,1,422,-0.013869364
0,1,423,[]
0,1,424,-0.018485293
0,1,425,[]
0,1,426,-0.02128685
0,1,427,[]
0,1,428,-0.017410116
0,1,429,[]
0,1,430,-0.012658118
0,1,431,[]
0,1,432,-0.0020330877
0,1,433,[]
0,1,434,0.008416472
0,1,435,[]
0,1,436,0.015448867
0,1,437,[]
0,1,438,0.016007913
0,1,439,[]
0,1,440,0.013518891
0,1,441,[]
0,1,442,0.007711866
0,1,443,[]
0,1,444,-0.0034588326
0,1,445,[]
0,1,446,-0.012685762
0,1,447,[]
0,1,448,-0.013674951
0,1,449,[]
0,1,450,-0.003987335
0,1,451,[]
0,1,452,0.006279901
0,1,453,[]
0,1,454,0.017028354
0,1,455,[]
0,1,456,0.03200309
0,1,457,[]
0,1,458,0.035213895
0,1,459,[]
0,1,460,0.040291443
0,1,461,[]
0,1,462,0.037173465
0,1,463,[]
0,1,464,0.03277167
0,1,465,[]
0,1,466,0.020340733
0,1,467,[]
0,1,468,0.009976767
0,1,469,[]
0,1,470,0.0005117051
0,1,471,[]
0,1,472,-0.007499672
0,1,473,[]
0,1,474,-0.012657868
0,1,475,[]
0,1,476,-0.017669694
0,1,477,[]
0,1,478,-0.021756325
0,1,479,[]
0,1,480,-0.0218101
0,1,481,[]
0,1,482,-0.018123515
0,1,483,[]
0,1,484,-0.016849346
0,1,485,[]
0,1,486,-0.014336529
0,1,487,[]
0,1,488,-0.011940916
0,1,489,[]
0,1,490,-0.011604036
0,1,491,[]
0,1,492,-0.015125518
0,1,493,[]
0,1,494,-0.022017077
0,1,495,[]
0,1,496,-0.020283008
0,1,497,[]
0,1,498,-0.016194561
0,1,499,[]
0,1,500,-0.0074308906
0,1,501,[]
0,1,502,0.0037550242
0,1,503,[]
0,1,504,0.012610523
0,1,505,[]
0,1,506,0.016563626
0,1,507,[]
0,1,508,0.013689094
0,1,509,[]
0,1,510,0.009990688
0,1,511,[]
0,1,512,0.0021989746
0,1,513,[]
0,1,514,-0.010525691
0,1,515,[]
0,1,516,-0.016214125
0,1,517,[]
0,1,518,-0.0090101175
0,1,519,[]
0,1,520,0.0014526265
0,1,521,[]
0,1,522,0.0114971185
0,1,523,[]
0,1,524,0.026222974
0,1,525,[]
0,1,526,0.03285469
0,1,527,[]
0,1,528,0.039052337
0,1,529,[]
0,1,530,0.040235426
0,1,531,[]
0,1,532,0.03439729
0,1,533,[]
0,1,534,0.027509116
0,1,535,[]
0,1,536,0.014001755
0,1,537,[]
0,1,538,0.004899461
0,1,539,[]
0,1,540,-0.0039673136
0,1,541,[]
0,1,542,-0.013568371
0,1,543,[]
0,1,544,-0.01699185
0,1,545,[]
0,1,546,-0.02065939
0,1,547,[]
0,1,548,-0.022879196
0,1,549,[]
0,1,550,-0.018953938
0,1,551,[]
0,1,552,-0.015793629
0,1,553,[]
0,1,554,-0.0129200425
0,1,555,[]
0,1,556,-0.011722814
0,1,557,[]
0,1,558,-0.01080739
0,1,559,[]
0,1,560,-0.014278865
0,1,561,[]
0,1,562,-0.019710608
0,1,563,[]
0,1,564,-0.021002514
0,1,565,[]
0,1,566,-0.016415052
0,1,567,[]
0,1,568,-0.011593791
0,1,569,[]
0,1,570,-0.0011638091
0,1,571,[]
0,1,572,0.008767271
0,1,573,[]
0,1,574,0.01473403
0,1,575,[]
0,1,576,0.014569208
0,1,577,[]
0,1,578,0.011850642
0,1,579,[]
0,1,580,0.005829708
0,1,581,[]
0,1,582,-0.0029932854
0,1,583,[]
0,1,584,-0.014073263
0,1,585,[]
0,1,586,-0.009118353
0,1,587,[]
0,1,588,-0.0024815376
0,1,589,[]
0,1,590,0.011482626
0,1,591,[]
0,1,592,0.020755142
0,1,593,[]
0,1,594,0.03408021
0,1,595,[]
0,1,596,0.037336744
0,1,597,[]
0,1,598,0.040027972
0,1,599,[]
0,1,600,0.03751916
0,1,601,[]
0,1,602,0.029539177
0,1,603,[]
0,1,604,0.014747112
0,1,605,[]
0,1,606,0.006895178
0,1,607,[]
0,1,608,-0.00076924235
0,1,609,[]
0,1,610,-0.010385445
0,1,611,[]
0,1,612,-0.017728427
0,1,613,[]
0,1,614,-0.019541737
0,1,615,[]
0,1,616,-0.021731552
0,1,617,[]
0,1,618,-0.020282734
0,1,619,[]
0,1,620,-0.016752277
0,1,621,[]
0,1,622,-0.01452806
0,1,623,[]
0,1,624,-0.012870697
0,1,625,[]
0,1,626,-0.012018403
0,1,627,[]
0,1,628,-0.014142816
0,1,629,[]
0,1,630,-0.019090418
0,1,631,[]
0,1,632,-0.022012483
0,1,633,[]
0,1,634,-0.017602889
0,1,635,[]
0,1,636,-0.0125257
0,1,637,[]
0,1,638,-0.0020130042
0,1,639,[]
0,1,640,0.007695145
0,1,641,[]
0,1,642,0.014292566
0,1,643,[]
0,1,644,0.0147607755
0,1,645,[]
0,1,646,0.012160524
0,1,647,[]
0,1,648,0.006525127
0,1,649,[]
0,1,650,-0.0041724457
0,1,651,[]
0,1,652,-0.012585531
0,1,653,[]
0,1,654,-0.011776499
0,1,655,[]
0,1,656,-0.0018498332
0,1,657,[]
0,1,658,0.00807048
0,1,659,[]
0,1,660,0.01836513
0,1,661,[]
0,1,662,0.035101667
0,1,663,[]
0,1,664,0.036147688
0,1,665,[]
0,1,666,0.040438678
0,1,667,[]
0,1,668,0.039516646
0,1,669,[]
0,1,670,0.030708514
0,1,671,[]
0,1,672,0.020484302
0,1,673,[]
0,1,674,0.0065693287
0,1,675,[]
0,1,676,-0.0022106022
0,1,677,[]
0,1,678,-0.007551871
0,1,679,[]
0,1,680,-0.017184254
0,1,681,[]
0,1,682,-0.020723877
0,1,683,[]
0,1,684,-0.0217748
0,1,685,[]
0,1,686,-0.021866385
0,1,687,[]
0,1,688,-0.017654631
0,1,689,[]
0,1,690,-0.014580673
0,1,691,[]
0,1,692,-0.013434581
0,1,693,[]
0,1,694,-0.0120987585
0,1,695,[]
0,1,696,-0.01267181
0,1,697,[]
0,1,698,-0.016115498
0,1,699,[]
0,1,700,-0.021355212
0,1,701,[]
0,1,702,-0.018017914
0,1,703,[]
0,1,704,-0.0140464315
0,1,705,[]
0,1,706,-0.006015825
0,1,707,[]
0,1,708,0.004572991
0,1,709,[]
0,1,710,0.01213776
0,1,711,[]
0,1,712,0.015282442
0,1,713,[]
0,1,714,0.012746275
0,1,715,[]
0,1,716,0.008255702
0,1,717,[]
0,1,718,-0.00036779698
0,1,719,[]
0,1,720,-0.010197774
0,1,721,[]
0,1,722,-0.012333932
0,1,723,[]
0,1,724,-0.004899318
0,1,725,[]
0,1,726,0.005464657
0,1,727,[]
0,1,728,0.015045448
0,1,729,[]
0,1,730,0.026351197
0,1,731,[]
0,1,732,0.033655718
0,1,733,[]
0,1,734,0.03727881
0,1,735,[]
0,1,736,0.038453043
0,1,737,[]
0,1,738,0.034193862
0,1,739,[]
0,1,740,0.02348647
0,1,741,[]
0,1,742,0.014387039
0,1,743,[]
0,1,744,0.0022942522
0,1,745,[]
0,1,746,-0.004348322
0,1,747,[]
0,1,748,-0.010145843
0,1,749,[]
0,1,750,-0.016738208
0,1,751,[]
0,1,752,-0.020192286
0,1,753,[]
0,1,754,-0.021148514
0,1,755,[]
0,1,756,-0.018970275
0,1,757,[]
0,1,758,-0.01791455
0,1,759,[]
0,1,760,-0.016044267
0,1,761,[]
0,1,762,-0.0138418935
0,1,763,[]
0,1,764,-0.01227377
0,1,765,[]
0,1,766,-0.014328851
0,1,767,[]
0,1,768,-0.021211335
0,1,769,[]
0,1,770,-0.020998513
0,1,771,[]
0,1,772,-0.017131506
0,1,773,[]
0,1,774,-0.010455542
0,1,775,[]
0,1,776,0.00018772592
0,1,777,[]
0,1,778,0.00990099
0,1,779,[]
0,1,780,0.015900241
0,1,781,[]
0,1,782,0.015415954
0,1,783,[]
0,1,784,0.012049106
0,1,785,[]
0,1,786,0.0054559447
0,1,787,[]
0,1,788,-0.006228613
0,1,789,[]
0,1,790,-0.014697668
0,1,791,[]
0,1,792,-0.009897163
0,1,793,[]
0,1,794,-0.0014447672
0,1,795,[]
0,1,796,0.011452069
0,1,797,[]
0,1,798,0.020211596
0,1,799,[]
0,1,800,0.0358633
0,1,801,[]
0,1,802,0.039186317
0,1,803,[]
0,1,804,0.03929323
0,1,805,[]
0,1,806,0.040383212
0,1,807,[]
0,1,808,0.028363395
0,1,809,[]
0,1,810,0.014835049
0,1,811,[]
0,1,812,0.006151873
0,1,813,[]
0,1,814,-0.0031363254
0,1,815,[]
0,1,816,-0.010378158
0,1,817,[]
0,1,818,-0.015672468
0,1,819,[]
0,1,820,-0.01865696
0,1,821,[]
0,1,822,-0.020631319
0,1,823,[]
0,1,824,-0.019420829
0,1,825,[]
0,1,826,-0.015843218
0,1,827,[]
0,1,828,-0.012298588
0,1,829,[]
0,1,830,-0.012274561
0,1,831,[]
0,1,832,-0.010964618
0,1,833,[]
0,1,834,-0.0129784625
0,1,835,[]
0,1,836,-0.01739138
0,1,837,[]
0,1,838,-0.022917261
0,1,839,[]
0,1,840,-0.01838544
0,1,841,[]
0,1,842,-0.014389379
0,1,843,[]
0,1,844,-0.006247211
0,1,845,[]
0,1,846,0.0051931995
0,1,847,[]
0,1,848,0.013161717
0,1,849,[]
0,1,850,0.015883705
0,1,851,[]
0,1,852,0.013352271
0,1,853,[]
0,1,854,0.008532407
0,1,855,[]
0,1,856,-0.00033319683
0,1,857,[]
0,1,858,-0.010486835
0,1,859,[]
0,1,860,-0.011678351
0,1,861,[]
0,1,862,-0.004607167
0,1,863,[]
0,1,864,0.0051693893
0,1,865,[]
0,1,866,0.015375486
0,1,867,[]
0,1,868,0.03165925
0,1,869,[]
0,1,870,0.03321304
0,1,871,[]
0,1,872,0.040781476
0,1,873,[]
0,1,874,0.0379991
0,1,875,[]
0,1,876,0.03207531
0,1,877,[]
0,1,878,0.023269903
0,1,879,[]
0,1,880,0.0097367475
0,1,881,[]
0,1,882,0.001456861
0,1,883,[]
0,1,884,-0.0052752583
0,1,885,[]
0,1,886,-0.014282763
0,1,887,[]
0,1,888,-0.016914863
0,1,889,[]
0,1,890,-0.018884191
0,1,891,[]
0,1,892,-0.020230757
0,1,893,[]
0,1,894,-0.016105957
0,1,895,[]
0,1,896,-0.014685681
0,1,897,[]
0,1,898,-0.01334792
0,1,899,[]
0,1,900,-0.0123892985
0,1,901,[]
0,1,902,-0.012982046
0,1,903,[]
0,1,904,-0.016330572
0,1,905,[]
0,1,906,-0.022522204
0,1,907,[]
0,1,908,-0.021064589
0,1,909,[]
0,1,910,-0.017115874
0,1,911,[]
0,1,912,-0.00986897
0,1,913,[]
0,1,914,8.768044e-05
0,1,915,[]
0,1,916,0.008184312
0,1,917,[]
0,1,918,0.016318547
0,1,919,[]
0,1,920,0.014029177
0,1,921,[]
0,1,922,0.011162201
0,1,923,[]
0,1,924,0.0042625773
0,1,925,[]
0,1,926,-0.0044805314
0,1,927,[]
0,1,928,-0.012298926
0,1,929,[]
0,1,930,-0.004892746
0,1,931,[]
0,1,932,0.0016431066
0,1,933,[]
0,1,934,0.011635547
0,1,935,[]
0,1,936,0.02590602
0,1,937,[]
0,1,938,0.030597981
0,1,939,[]
0,1,940,0.036990497
0,1,941,[]
0,1,942,0.038162496
0,1,943,[]
0,1,944,0.032914158
0,1,945,[]
0,1,946,0.02782726
0,1,947,[]
0,1,948,0.015568447
0,1,949,[]
0,1,950,0.0054133846
0,1,951,[]
0,1,952,-0.0014002954
0,1,953,[]
0,1,954,-0.008375963
0,1,955,[]
0,1,956,-0.014530659
0,1,957,[]
0,1,958,-0.018743431
0,1,959,[]
0,1,960,-0.021139635
0,1,961,[]
0,1,962,-0.019864956
0,1,963,[]
0,1,964,-0.017999431
0,1,965,[]
0,1,966,-0.015634432
0,1,967,[]
0,1,968,-0.013421261
0,1,969,[]
0,1,970,-0.012007206
0,1,971,[]
0,1,972,-0.014081263
0,1,973,[]
0,1,974,-0.018779246
0,1,975,[]
0,1,976,-0.022575824
0,1,977,[]
0,1,978,-0.01859517
0,1,979,[]
0,1,980,-0.013344314
0,1,981,[]
0,1,982,-0.003977342
0,1,983,[]
0,1,984,0.00577002
0,1,985,[]
0,1,986,0.013527864
0,1,987,[]
0,1,988,0.015256215
0,1,989,[]
0,1,990,0.012393286
0,1,991,[]
0,1,992,0.0069726557
0,1,993,[]
0,1,994,-0.0016325271
0,1,995,[]
0,1,996,-0.011443828
0,1,997,[]
0,1,998,-0.011779528
0,1,999,[]
0,2,0,0.0
0,2,1,[]
0,2,2,-0.046192896
0,2,3,[]
0,2,4,-0.09325725
0,2,5,[]
0,2,6,-0.14054458
0,2,7,[]
0,2,8,-0.18682466
0,2,9,[]
0,2,10,-0.23098181
0,2,11,[]
0,2,12,-0.22060232
0,2,13,[]
0,2,14,-0.11307607
0,2,15,[]
0,2,16,-0.0031769332
0,2,17,[]
0,2,18,0.08305591
0,2,19,[]
0,2,20,0.098306224
0,2,21,[]
0,2,22,0.057039622
0,2,23,[]
0,2,24,0.01491768
0,2,25,[]
0,2,26,-0.027512098
0,2,27,[]
0,2,28,-0.0692654
0,2,29,[]
0,2,30,-0.07493835
0,2,31,[]
0,2,32,-0.027147109
0,2,33,[]
0,2,34,0.054074354
0,2,35,[]
0,2,36,0.08881721
0,2,37,[]
0,2,38,0.07843453
0,2,39,[]
0,2,40,0.04672795
0,2,41,[]
0,2,42,0.013253381
0,2,43,[]
0,2,44,-0.010192075
0,2,45,[]
0,2,46,-0.019427272
0,2,47,[]
0,2,48,-0.01730157
0,2,49,[]
0,2,50,-0.011908755
0,2,51,[]
0,2,52,0.01022091
0,2,53,[]
0,2,54,0.032912403
0,2,55,[]
0,2,56,0.037392803
0,2,57,[]
0,2,58,0.034634046
0,2,59,[]
0,2,60,0.023341073
0,2,61,[]
0,2,62,0.006980421
0,2,63,[]
0,2,64,-0.005613375
0,2,65,[]
0,2,66,-0.014754316
0,2,67,[]
0,2,68,-0.028733447
0,2,69,[]
0,2,70,-0.04292529
0,2,71,[]
0,2,72,-0.054665342
0,2,73,[]
0,2,74,-0.04501384
0,2,75,[]
0,2,76,0.00044925377
0,2,77,[]
0,2,78,0.03194514
0,2,79,[]
0,2,80,0.029622408
0,2,81,[]
0,2,82,0.014379261
0,2,83,[]
0,2,84,-0.0049942574
0,2,85,[]
0,2,86,-0.0029697395
0,2,87,[]
0,2,88,0.025678083
0,2,89,[]
0,2,90,0.0382184
0,2,91,[]
0,2,92,0.027657354
0,2,93,[]
0,2,94,0.01315029
0,2,95,[]
0,2,96,0.0011379409
0,2,97,[]
0,2,98,-0.0012289109
0,2,99,[]
0,2,100,-0.0011978437
0,2,101,[]
0,2,102,-0.0069271945
0,2,103,[]
0,2,104,-0.018101733
0,2,105,[]
0,2,106,-0.015108972
0,2,107,[]
0,2,108,0.0011805613
0,2,109,[]
0,2,110,0.01644403
0,2,111,[]
0,2,112,0.019412057
0,2,113,[]
0,2,114,0.011666284
0,2,115,[]
0,2,116,0.0032961085
0,2,117,[]
0,2,118,0.000876258
0,2,119,[]
0,2,120,0.006408637
0,2,121,[]
0,2,122,0.02263851
0,2,123,[]
0,2,124,0.028972631
0,2,125,[]
0,2,126,0.020011827
0,2,127,[]
0,2,128,0.0076973755
0,2,129,[]
0,2,130,0.0021242471
0,2,131,[]
0,2,132,0.0059929993
0,2,133,[]
0,2,134,0.013210237
0,2,135,[]
0,2,136,0.012620914
0,2,137,[]
0,2,138,0.003934892
0,2,139,[]
0,2,140,-0.0031787613
0,2,141,[]
0,2,142,-0.0015093012
0,2,143,[]
0,2,144,0.0050791088
0,2,145,[]
0,2,146,0.011858362
0,2,147,[]
0,2,148,0.014120656
0,2,149,[]
0,2,150,0.013552629
0,2,151,[]
0,2,152,0.01998244
0,2,153,[]
0,2,154,0.02378854
0,2,155,[]
0,2,156,0.02077078
0,2,157,[]
0,2,158,0.017950768
0,2,159,[]
0,2,160,0.016121525
0,2,161,[]
0,2,162,0.01507919
0,2,163,[]
0,2,164,0.013646758
0,2,165,[]
0,2,166,0.004572795
0,2,167,[]
0,2,168,-0.0096488325
0,2,169,[]
0,2,170,-0.022588195
0,2,171,[]
0,2,172,-0.022345265
0,2,173,[]
0,2,174,-0.0018589814
0,2,175,[]
0,2,176,0.011987389
0,2,177,[]
0,2,178,0.015913937
0,2,179,[]
0,2,180,0.011406391
0,2,181,[]
0,2,182,0.005431281
0,2,183,[]
0,2,184,0.0033580756
0,2,185,[]
0,2,186,0.0053192545
0,2,187,[]
0,2,188,0.0085242465
0,2,189,[]
0,2,190,0.016523708
0,2,191,[]
0,2,192,0.02415551
0,2,193,[]
0,2,194,0.022253271
0,2,195,[]
0,2,196,0.01216331
0,2,197,[]
0,2,198,0.0056989677
0,2,199,[]
0,2,200,0.0077818893
0,2,201,[]
0,2,202,0.013556142
0,2,203,[]
0,2,204,0.013827138
0,2,205,[]
0,2,206,0.0064325803
0,2,207,[]
0,2,208,-0.004820173
0,2,209,[]
0,2,210,-0.006371358
0,2,211,[]
0,2,212,0.0022423912
0,2,213,[]
0,2,214,0.010467542
0,2,215,[]
0,2,216,0.014933035
0,2,217,[]
0,2,218,0.013045997
0,2,219,[]
0,2,220,0.01594638
0,2,221,[]
0,2,222,0.022618799
0,2,223,[]
0,2,224,0.023159401
0,2,225,[]
0,2,226,0.019305998
0,2,227,[]
0,2,228,0.016084423
0,2,229,[]
0,2,230,0.015388873
0,2,231,[]
0,2,232,0.015364109
0,2,233,[]
0,2,234,0.008962903
0,2,235,[]
0,2,236,-0.004245174
0,2,237,[]
0,2,238,-0.01781242
0,2,239,[]
0,2,240,-0.025197022
0,2,241,[]
0,2,242,-0.010397083
0,2,243,[]
0,2,244,0.0077172727
0,2,245,[]
0,2,246,0.015576399
0,2,247,[]
0,2,248,0.013616252
0,2,249,[]
0,2,250,0.007922421
0,2,251,[]
0,2,252,0.004266177
0,2,253,[]
0,2,254,0.004600512
0,2,255,[]
0,2,256,0.007257186
0,2,257,[]
0,2,258,0.013083393
0,2,259,[]
0,2,260,0.022392947
0,2,261,[]
0,2,262,0.023116779
0,2,263,[]
0,2,264,0.016005673
0,2,265,[]
0,2,266,0.008051244
0,2,267,[]
0,2,268,0.00677518
0,2,269,[]
0,2,270,0.011598656
0,2,271,[]
0,2,272,0.013959138
0,2,273,[]
0,2,274,0.008314411
0,2,275,[]
0,2,276,-0.0012737308
0,2,277,[]
0,2,278,-0.005336246
0,2,279,[]
0,2,280,0.00014719157
0,2,281,[]
0,2,282,0.007417268
0,2,283,[]
0,2,284,0.013275478
0,2,285,[]
0,2,286,0.013189359
0,2,287,[]
0,2,288,0.013576434
0,2,289,[]
0,2,290,0.02124396
0,2,291,[]
0,2,292,0.024732841
0,2,293,[]
0,2,294,0.021497276
0,2,295,[]
0,2,296,0.016692884
0,2,297,[]
0,2,298,0.014176441
0,2,299,[]
0,2,300,0.014503573
0,2,301,[]
0,2,302,0.012800552
0,2,303,[]
0,2,304,0.001686405
0,2,305,[]
0,2,306,-0.012682327
0,2,307,[]
0,2,308,-0.024165988
0,2,309,[]
0,2,310,-0.017202212
0,2,311,[]
0,2,312,0.0026959898
0,2,313,[]
0,2,314,0.013857921
0,2,315,[]
0,2,316,0.014979065
0,2,317,[]
0,2,318,0.008988335
0,2,319,[]
0,2,320,0.0042340998
0,2,321,[]
0,2,322,0.0039213095
0,2,323,[]
0,2,324,0.0066546
0,2,325,[]
0,2,326,0.010511961
0,2,327,[]
0,2,328,0.020077312
0,2,329,[]
0,2,330,0.024079712
0,2,331,[]
0,2,332,0.019100953
0,2,333,[]
0,2,334,0.011185228
0,2,335,[]
0,2,336,0.006924368
0,2,337,[]
0,2,338,0.008803903
0,2,339,[]
0,2,340,0.012861055
0,2,341,[]
0,2,342,0.011854901
0,2,343,[]
0,2,344,0.0037418848
0,2,345,[]
0,2,346,-0.00576018
0,2,347,[]
0,2,348,-0.00594722
0,2,349,[]
0,2,350,0.002739453
0,2,351,[]
0,2,352,0.013161057
0,2,353,[]
0,2,354,0.016983386
0,2,355,[]
0,2,356,0.013902537
0,2,357,[]
0,2,358,0.017348541
0,2,359,[]
0,2,360,0.021882124
0,2,361,[]
0,2,362,0.022815645
0,2,363,[]
0,2,364,0.019137593
0,2,365,[]
0,2,366,0.013542406
0,2,367,[]
0,2,368,0.012894612
0,2,369,[]
0,2,370,0.014091406
0,2,371,[]
0,2,372,0.0063447403
0,2,373,[]
0,2,374,-0.0076157223
0,2,375,[]
0,2,376,-0.021125462
0,2,377,[]
0,2,378,-0.021444308
0,2,379,[]
0,2,380,-0.002930359
0,2,381,[]
0,2,382,0.011611642
0,2,383,[]
0,2,384,0.016572021
0,2,385,[]
0,2,386,0.012237864
0,2,387,[]
0,2,388,0.0058169207
0,2,389,[]
0,2,390,0.0030301595
0,2,391,[]
0,2,392,0.004429413
0,2,393,[]
0,2,394,0.008075666
0,2,395,[]
0,2,396,0.01866175
0,2,397,[]
0,2,398,0.025140472
0,2,399,[]
0,2,400,0.020939838
0,2,401,[]
0,2,402,0.011688695
0,2,403,[]
0,2,404,0.0061213663
0,2,405,[]
0,2,406,0.0083034765
0,2,407,[]
0,2,408,0.012866518
0,2,409,[]
0,2,410,0.011933144
0,2,411,[]
0,2,412,0.005374894
0,2,413,[]
0,2,414,-0.0040562917
0,2,415,[]
0,2,416,-0.0044227694
0,2,417,[]
0,2,418,0.0033329364
0,2,419,[]
0,2,420,0.011212315
0,2,421,[]
0,2,422,0.014701794
0,2,423,[]
0,2,424,0.012596642
0,2,425,[]
0,2,426,0.016803587
0,2,427,[]
0,2,428,0.022473663
0,2,429,[]
0,2,430,0.022481807
0,2,431,[]
0,2,432,0.019034894
0,2,433,[]
0,2,434,0.016603706
0,2,435,[]
0,2,436,0.014738061
0,2,437,[]
0,2,438,0.013848048
0,2,439,[]
0,2,440,0.0076280045
0,2,441,[]
0,2,442,-0.005174769
0,2,443,[]
0,2,444,-0.018248808
0,2,445,[]
0,2,446,-0.024185417
0,2,447,[]
0,2,448,-0.008323169
0,2,449,[]
0,2,450,0.00857904
0,2,451,[]
0,2,452,0.015936272
0,2,453,[]
0,2,454,0.013412744
0,2,455,[]
0,2,456,0.0075101424
0,2,457,[]
0,2,458,0.0040805084
0,2,459,[]
0,2,460,0.00462404
0,2,461,[]
0,2,462,0.007469031
0,2,463,[]
0,2,464,0.014705152
0,2,465,[]
0,2,466,0.0236576
0,2,467,[]
0,2,468,0.022524394
0,2,469,[]
0,2,470,0.012928066
0,2,471,[]
0,2,472,0.006971252
0,2,473,[]
0,2,474,0.0072349817
0,2,475,[]
0,2,476,0.01150343
0,2,477,[]
0,2,478,0.013491803
0,2,479,[]
0,2,480,0.007905115
0,2,481,[]
0,2,482,-0.001995975
0,2,483,[]
0,2,484,-0.006422189
0,2,485,[]
0,2,486,-9.069167e-05
0,2,487,[]
0,2,488,0.0095200045
0,2,489,[]
0,2,490,0.015678203
0,2,491,[]
0,2,492,0.0144352615
0,2,493,[]
0,2,494,0.013302889
0,2,495,[]
0,2,496,0.02020699
0,2,497,[]
0,2,498,0.024360068
0,2,499,[]
0,2,500,0.021914711
0,2,501,[]
0,2,502,0.017035523
0,2,503,[]
0,2,504,0.013859429
0,2,505,[]
0,2,506,0.014197847
0,2,507,[]
0,2,508,0.013420881
0,2,509,[]
0,2,510,0.002134495
0,2,511,[]
0,2,512,-0.013182312
0,2,513,[]
0,2,514,-0.025170045
0,2,515,[]
0,2,516,-0.018739225
0,2,517,[]
0,2,518,0.0026898847
0,2,519,[]
0,2,520,0.014567048
0,2,521,[]
0,2,522,0.015704906
0,2,523,[]
0,2,524,0.00950344
0,2,525,[]
0,2,526,0.0043219584
0,2,527,[]
0,2,528,0.0036770946
0,2,529,[]
0,2,530,0.0064723785
0,2,531,[]
0,2,532,0.010531824
0,2,533,[]
0,2,534,0.02044857
0,2,535,[]
0,2,536,0.02455523
0,2,537,[]
0,2,538,0.019245602
0,2,539,[]
0,2,540,0.010424826
0,2,541,[]
0,2,542,0.0058883163
0,2,543,[]
0,2,544,0.008686219
0,2,545,[]
0,2,546,0.013349697
0,2,547,[]
0,2,548,0.0125603
0,2,549,[]
0,2,550,0.0033210313
0,2,551,[]
0,2,552,-0.0069150464
0,2,553,[]
0,2,554,-0.0049324897
0,2,555,[]
0,2,556,0.0045041004
0,2,557,[]
0,2,558,0.012914778
0,2,559,[]
0,2,560,0.015282591
0,2,561,[]
0,2,562,0.012457796
0,2,563,[]
0,2,564,0.017342543
0,2,565,[]
0,2,566,0.023223938
0,2,567,[]
0,2,568,0.023153808
0,2,569,[]
0,2,570,0.017631408
0,2,571,[]
0,2,572,0.014090729
0,2,573,[]
0,2,574,0.013783161
0,2,575,[]
0,2,576,0.013951569
0,2,577,[]
0,2,578,0.0071196663
0,2,579,[]
0,2,580,-0.006194435
0,2,581,[]
0,2,582,-0.019778294
0,2,583,[]
0,2,584,-0.02263508
0,2,585,[]
0,2,586,-0.0044338736
0,2,587,[]
0,2,588,0.010414979
0,2,589,[]
0,2,590,0.016053429
0,2,591,[]
0,2,592,0.012555656
0,2,593,[]
0,2,594,0.0066027693
0,2,595,[]
0,2,596,0.0035430433
0,2,597,[]
0,2,598,0.004559712
0,2,599,[]
0,2,600,0.008047508
0,2,601,[]
0,2,602,0.01870126
0,2,603,[]
0,2,604,0.025081245
0,2,605,[]
0,2,606,0.02087812
0,2,607,[]
0,2,608,0.011015102
0,2,609,[]
0,2,610,0.0057889945
0,2,611,[]
0,2,612,0.0079203285
0,2,613,[]
0,2,614,0.01249359
0,2,615,[]
0,2,616,0.013626046
0,2,617,[]
0,2,618,0.006240044
0,2,619,[]
0,2,620,-0.006363564
0,2,621,[]
0,2,622,-0.006037735
0,2,623,[]
0,2,624,0.004686164
0,2,625,[]
0,2,626,0.012860398
0,2,627,[]
0,2,628,0.01511163
0,2,629,[]
0,2,630,0.011545651
0,2,631,[]
0,2,632,0.015763965
0,2,633,[]
0,2,634,0.023002904
0,2,635,[]
0,2,636,0.02342007
0,2,637,[]
0,2,638,0.018405747
0,2,639,[]
0,2,640,0.0147201335
0,2,641,[]
0,2,642,0.013640329
0,2,643,[]
0,2,644,0.014329291
0,2,645,[]
0,2,646,0.008868173
0,2,647,[]
0,2,648,-0.0042674234
0,2,649,[]
0,2,650,-0.018382335
0,2,651,[]
0,2,652,-0.023475848
0,2,653,[]
0,2,654,-0.0064096698
0,2,655,[]
0,2,656,0.009111158
0,2,657,[]
0,2,658,0.015706938
0,2,659,[]
0,2,660,0.012781768
0,2,661,[]
0,2,662,0.006887192
0,2,663,[]
0,2,664,0.0036470727
0,2,665,[]
0,2,666,0.0045415233
0,2,667,[]
0,2,668,0.0072530583
0,2,669,[]
0,2,670,0.014709554
0,2,671,[]
0,2,672,0.023957944
0,2,673,[]
0,2,674,0.02185562
0,2,675,[]
0,2,676,0.01375486
0,2,677,[]
0,2,678,0.007463872
0,2,679,[]
0,2,680,0.00747927
0,2,681,[]
0,2,682,0.0119450195
0,2,683,[]
0,2,684,0.01416144
0,2,685,[]
0,2,686,0.009177877
0,2,687,[]
0,2,688,-0.003192385
0,2,689,[]
0,2,690,-0.007832227
0,2,691,[]
0,2,692,0.00042869127
0,2,693,[]
0,2,694,0.00956749
0,2,695,[]
0,2,696,0.015130881
0,2,697,[]
0,2,698,0.013950439
0,2,699,[]
0,2,700,0.014805774
0,2,701,[]
0,2,702,0.021098763
0,2,703,[]
0,2,704,0.023488743
0,2,705,[]
0,2,706,0.01990553
0,2,707,[]
0,2,708,0.015388567
0,2,709,[]
0,2,710,0.012926477
0,2,711,[]
0,2,712,0.012235761
0,2,713,[]
0,2,714,0.010478173
0,2,715,[]
0,2,716,0.001140463
0,2,717,[]
0,2,718,-0.011905011
0,2,719,[]
0,2,720,-0.022299714
0,2,721,[]
0,2,722,-0.012227625
0,2,723,[]
0,2,724,0.0046529993
0,2,725,[]
0,2,726,0.014162021
0,2,727,[]
0,2,728,0.0144346785
0,2,729,[]
0,2,730,0.009058624
0,2,731,[]
0,2,732,0.004698344
0,2,733,[]
0,2,734,0.004093173
0,2,735,[]
0,2,736,0.006290709
0,2,737,[]
0,2,738,0.010993455
0,2,739,[]
0,2,740,0.021667007
0,2,741,[]
0,2,742,0.024417665
0,2,743,[]
0,2,744,0.0166404
0,2,745,[]
0,2,746,0.008360717
0,2,747,[]
0,2,748,0.005443288
0,2,749,[]
0,2,750,0.009033135
0,2,751,[]
0,2,752,0.013365952
0,2,753,[]
0,2,754,0.011119068
0,2,755,[]
0,2,756,0.002119837
0,2,757,[]
0,2,758,-0.005890104
0,2,759,[]
0,2,760,-0.0034831672
0,2,761,[]
0,2,762,0.0056837513
0,2,763,[]
0,2,764,0.014430536
0,2,765,[]
0,2,766,0.015890094
0,2,767,[]
0,2,768,0.012390124
0,2,769,[]
0,2,770,0.018146642
0,2,771,[]
0,2,772,0.023130734
0,2,773,[]
0,2,774,0.022419814
0,2,775,[]
0,2,776,0.018024826
0,2,777,[]
0,2,778,0.014174921
0,2,779,[]
0,2,780,0.012353098
0,2,781,[]
0,2,782,0.012831964
0,2,783,[]
0,2,784,0.0069789733
0,2,785,[]
0,2,786,-0.006151033
0,2,787,[]
0,2,788,-0.019675195
0,2,789,[]
0,2,790,-0.021361949
0,2,791,[]
0,2,792,-0.0033409107
0,2,793,[]
0,2,794,0.011078331
0,2,795,[]
0,2,796,0.016149797
0,2,797,[]
0,2,798,0.012437724
0,2,799,[]
0,2,800,0.006411975
0,2,801,[]
0,2,802,0.003311667
0,2,803,[]
0,2,804,0.004684407
0,2,805,[]
0,2,806,0.007961354
0,2,807,[]
0,2,808,0.017761704
0,2,809,[]
0,2,810,0.024641914
0,2,811,[]
0,2,812,0.020284928
0,2,813,[]
0,2,814,0.011074118
0,2,815,[]
0,2,816,0.0067671626
0,2,817,[]
0,2,818,0.00917077
0,2,819,[]
0,2,820,0.013352218
0,2,821,[]
0,2,822,0.012769474
0,2,823,[]
0,2,824,0.005772286
0,2,825,[]
0,2,826,-0.0047168834
0,2,827,[]
0,2,828,-0.0062843235
0,2,829,[]
0,2,830,0.0020090796
0,2,831,[]
0,2,832,0.0101412125
0,2,833,[]
0,2,834,0.014762519
0,2,835,[]
0,2,836,0.013161904
0,2,837,[]
0,2,838,0.014772151
0,2,839,[]
0,2,840,0.021863703
0,2,841,[]
0,2,842,0.024470733
0,2,843,[]
0,2,844,0.019974973
0,2,845,[]
0,2,846,0.014803713
0,2,847,[]
0,2,848,0.012086215
0,2,849,[]
0,2,850,0.011467964
0,2,851,[]
0,2,852,0.010460055
0,2,853,[]
0,2,854,0.0013238961
0,2,855,[]
0,2,856,-0.011966366
0,2,857,[]
0,2,858,-0.02210296
0,2,859,[]
0,2,860,-0.011637582
0,2,861,[]
0,2,862,0.005137762
0,2,863,[]
0,2,864,0.014540824
0,2,865,[]
0,2,866,0.014289757
0,2,867,[]
0,2,868,0.008436881
0,2,869,[]
0,2,870,0.0041365665
0,2,871,[]
0,2,872,0.0038197534
0,2,873,[]
0,2,874,0.0065136557
0,2,875,[]
0,2,876,0.012862667
0,2,877,[]
0,2,878,0.022938678
0,2,879,[]
0,2,880,0.023786962
0,2,881,[]
0,2,882,0.016023839
0,2,883,[]
0,2,884,0.0073520783
0,2,885,[]
0,2,886,0.005662348
0,2,887,[]
0,2,888,0.010307317
0,2,889,[]
0,2,890,0.013373455
0,2,891,[]
0,2,892,0.010162476
0,2,893,[]
0,2,894,0.0019845325
0,2,895,[]
0,2,896,-0.003310203
0,2,897,[]
0,2,898,-0.0011582006
0,2,899,[]
0,2,900,0.004162953
0,2,901,[]
0,2,902,0.010294889
0,2,903,[]
0,2,904,0.013416568
0,2,905,[]
0,2,906,0.01372513
0,2,907,[]
0,2,908,0.02062227
0,2,909,[]
0,2,910,0.023766166
0,2,911,[]
0,2,912,0.022164496
0,2,913,[]
0,2,914,0.016652633
0,2,915,[]
0,2,916,0.011210853
0,2,917,[]
0,2,918,0.009895729
0,2,919,[]
0,2,920,0.012974415
0,2,921,[]
0,2,922,0.007886568
0,2,923,[]
0,2,924,-0.005523393
0,2,925,[]
0,2,926,-0.019952659
0,2,927,[]
0,2,928,-0.017696107
0,2,929,[]
0,2,930,-0.00028916457
0,2,931,[]
0,2,932,0.012127833
0,2,933,[]
0,2,934,0.015617102
0,2,935,[]
0,2,936,0.011091557
0,2,937,[]
0,2,938,0.005788043
0,2,939,[]
0,2,940,0.0038309826
0,2,941,[]
0,2,942,0.0055628065
0,2,943,[]
0,2,944,0.008982504
0,2,945,[]
0,2,946,0.019012062
0,2,947,[]
0,2,948,0.024281409
0,2,949,[]
0,2,950,0.019438483
0,2,951,[]
0,2,952,0.011027432
0,2,953,[]
0,2,954,0.006551407
0,2,955,[]
0,2,956,0.007974574
0,2,957,[]
0,2,958,0.0119734155
0,2,959,[]
0,2,960,0.010685863
0,2,961,[]
0,2,962,0.0035435054
0,2,963,[]
0,2,964,-0.0030953544
0,2,965,[]
0,2,966,-0.0027215728
0,2,967,[]
0,2,968,0.00395848
0,2,969,[]
0,2,970,0.011084582
0,2,971,[]
0,2,972,0.014039069
0,2,973,[]
0,2,974,0.0111615015
0,2,975,[]
0,2,976,0.014849895
0,2,977,[]
0,2,978,0.023366176
0,2,979,[]
0,2,980,0.02453913
0,2,981,[]
0,2,982,0.019491868
0,2,983,[]
0,2,984,0.014850554
0,2,985,[]
0,2,986,0.011026147
0,2,987,[]
0,2,988,0.010318655
0,2,989,[]
0,2,990,0.009774854
0,2,991,[]
0,2,992,0.00065906503
0,2,993,[]
0,2,994,-0.013058452
0,2,995,[]
0,2,996,-0.02180749
0,2,997,[]
0,2,998,-0.009201891
0,2,999,[]
0,3,0,[]
0,3,1,[]
0,3,2,[]
0,3,3,[]
0,3,4,[]
0,3,5,[]
0,3,6,[]
0,3,7,[]
0,3,8,[]
0,3,9,[]
0,3,10,[]
0,3,11,[]
0,3,12,[]
0,3,13,[]
0,3,14,[]
0,3,15,[]
0,3,16,[]
0,3,17,[]
0,3,18,[]
0,3,19,[]
0,3,20,[]
0,3,21,[]
0,3,22,[]
0,3,23,[]
0,3,24,[]
0,3,25,[]
0,3,26,[]
0,3,27,[]
0,3,28,[]
0,3,29,[]
0,3,30,[]
0,3,31,[]
0,3,32,[]
0,3,33,[]
0,3,34,[]
0,3,35,[]
0,3,36,[]
0,3,37,[]
0,3,38,[]
0,3,39,[]
0,3,40,[]
0,3,41,[]
0,3,42,[]
0,3,43,[]
0,3,44,[]
0,3,45,[]
0,3,46,[]
0,3,47,[]
0,3,48,[]
0,3,49,[]
0,3,50,[]
0,3,51,[]
0,3,52,[]
0,3,53,[]
0,3,54,[]
0,3,55,[]
0,3,56,[]
0,3,57,[]
0,3,58,[]
0,3,59,[]
0,3,60,[]
0,3,61,[]
0,3,62,[]
0,3,63,[]
0,3,64,[]
0,3,65,[]
0,3,66,[]
0,3,67,[]
0,3,68,[]
0,3,69,[]
0,3,70,[]
0,3,71,[]
0,3,72,[]
0,3,73,[]
0,3,74,[]
0,3,75,[]
0,3,76,[]
0,3,77,[]
0,3,78,[]
0,3,79,[]
0,3,80,[]
0,3,81,[]
0,3,82,[]
0,3,83,[]
0,3,84,[]
0,3,85,[]
0,3,86,[]
0,3,87,[]
0,3,88,[]
0,3,89,[]
0,3,90,[]
0,3,91,[]
0,3,92,[]
0,3,93,[]
0,3,94,[]
0,3,95,[]
0,3,96,[]
0,3,97,[]
0,3,98,[]
0,3,99,[]
0,3,100,[]
0,3,101,[]
0,3,102,[]
0,3,103,[]
0,3,104,[]
0,3,105,[]
0,3,106,[]
0,3,107,[]
0,3,108,[]
0,3,109,[]
0,3,110,[]
0,3,111,[]
0,3,112,[]
0,3,113,[]
0,3,114,[]
0,3,115,[]
0,3,116,[]
0,3,117,[]
0,3,118,[]
0,3,119,[]
0,3,120,[]
0,3,121,[]
0,3,122,[]
0,3,123,[]
0,3,124,[]
0,3,125,[]
0,3,126,[]
0,3,127,[]
0,3,128,[]
0,3,129,[]
0,3,130,[]
0,3,131,[]
0,3,132,[]
0,3,133,[]
0,3,134,[]
0,3,135,[]
0,3,136,[]
0,3,137,[]
0,3,138,[]
0,3,139,[]
0,3,140,[]
0,3,141,[]
0,3,142,[]
0,3,143,[]
0,3,144,[]
0,3,145,[]
0,3,146,[]
0,3,147,[]
0,3,148,[]
0,3,149,[]
0,3,150,[]
0,3,151,[]
0,3,152,[]
0,3,153,[]
0,3,154,[]
0,3,155,[]
0,3,156,[]
0,3,157,[]
0,3,158,[]
0,3,159,[]
0,3,160,[]
0,3,161,[]
0,3,162,[]
0,3,163,[]
0,3,164,[]
0,3,165,[]
0,3,166,[]
0,3,167,[]
0,3,168,[]
0,3,169,[]
0,3,170,[]
0,3,171,[]
0,3,172,[]
0,3,173,[]
0,3,174,[]
0,3,175,[]
0,3,176,[]
0,3,177,[]
0,3,178,[]
0,3,179,[]
0,3,180,[]
0,3,181,[]
0,3,182,[]
0,3,183,[]
0,3,184,[]
0,3,185,[]
0,3,186,[]
0,3,187,[]
0,3,188,[]
0,3,189,[]
0,3,190,[]
0,3,191,[]
0,3,192,[]
0,3,193,[]
0,3,194,[]
0,3,195,[]
0,3,196,[]
0,3,197,[]
0,3,198,[]
0,3,199,[]
0,3,200,[]
0,3,201,[]
0,3,202,[]
0,3,203,[]
0,3,204,[]
0,3,205,[]
0,3,206,[]
0,3,207,[]
0,3,208,[]
0,3,209,[]
0,3,210,[]
0,3,211,[]
0,3,212,[]
0,3,213,[]
0,3,214,[]
0,3,215,[]
0,3,216,[]
0,3,217,[]
0,3,218,[]
0,3,219,[]
0,3,220,[]
0,3,221,[]
0,3,222,[]
0,3,223,[]
0,3,224,[]
0,3,225,[]
0,3,226,[]
0,3,227,[]
0,3,228,[]
0,3,229,[]
0,3,230,[]
0,3,231,[]
0,3,232,[]
0,3,233,[]
0,3,234,[]
0,3,235,[]
0,3,236,[]
0,3,237,[]
0,3,238,[]
0,3,239,[]
0,3,240,[]
0,3,241,[]
0,3,242,[]
0,3,243,[]
0,3,244,[]
0,3,245,[]
0,3,246,[]
0,3,247,[]
0,3,248,[]
0,3,249,[]
0,3,250,[]
0,3,251,[]
0,3,252,[]
0,3,253,[]
0,3,254,[]
0,3,255,[]
0,3,256,[]
0,3,257,[]
0,3,258,[]
0,3,259,[]
0,3,260,[]
0,3,261,[]
0,3,262,[]
0,3,263,[]
0,3,264,[]
0,3,265,[]
0,3,266,[]
0,3,267,[]
0,3,268,[]
0,3,269,[]
0,3,270,[]
0,3,271,[]
0,3,272,[]
0,3,273,[]
0,3,274,[]
0,3,275,[]
0,3,276,[]
0,3,277,[]
0,3,278,[]
0,3,279,[]
0,3,280,[]
0,3,281,[]
0,3,282,[]
0,3,283,[]
0,3,284,[]
0,3,285,[]
0,3,286,[]
0,3,287,[]
0,3,288,[]
0,3,289,[]
0,3,290,[]
0,3,291,[]
0,3,292,[]
0,3,293,[]
0,3,294,[]
0,3,295,[]
0,3,296,[]
0,3,297,[]
0,3,298,[]
0,3,299,[]
0,3,300,[]
0,3,301,[]
0,3,302,[]
0,3,303,[]
0,3,304,[]
0,3,305,[]
0,3,306,[]
0,3,307,[]
0,3,308,[]
0,3,309,[]
0,3,310,[]
0,3,311,[]
0,3,312,[]
0,3,313,[]
0,3,314,[]
0,3,315,[]
0,3,316,[]
0,3,317,[]
0,3,318,[]
0,3,319,[]
0,3,320,[]
0,3,321,[]
0,3,322,[]
0,3,323,[]
0,3,324,[]
0,3,325,[]
0,3,326,[]
0,3,327,[]
0,3,328,[]
0,3,329,[]
0,3,330,[]
0,3,331,[]
0,3,332,[]
0,3,333,[]
0,3,334,[]
0,3,335,[]
0,3,336,[]
0,3,337,[]
0,3,338,[]
0,3,339,[]
0,3,340,[]
0,3,341,[]
0,3,342,[]
0,3,343,[]
0,3,344,[]
0,3,345,[]
0,3,346,[]
0,3,347,[]
0,3,348,[]
0,3,349,[]
0,3,350,[]
0,3,351,[]
0,3,352,[]
0,3,353,[]
0,3,354,[]
0,3,355,[]
0,3,356,[]
0,3,357,[]
0,3,358,[]
0,3,359,[]
0,3,360,[]
0,3,361,[]
0,3,362,[]
0,3,363,[]
0,3,364,[]
0,3,365,[]
0,3,366,[]
0,3,367,[]
0,3,368,[]
0,3,369,[]
0,3,370,[]
0,3,371,[]
0,3,372,[]
0,3,373,[]
0,3,374,[]
0,3,375,[]
0,3,376,[]
0,3,377,[]
0,3,378,[]
0,3,379,[]
0,3,380,[]
0,3,381,[]
0,3,382,[]
0,3,383,[]
0,3,384,[]
0,3,385,[]
0,3,386,[]
0,3,387,[]
0,3,388,[]
0,3,389,[]
0,3,390,[]
0,3,391,[]
0,3,392,[]
0,3,393,[]
0,3,394,[]
0,3,395,[]
0,3,396,[]
0,3,397,[]
0,3,398,[]
0,3,399,[]
0,3,400,[]
0,3,401,[]
0,3,402,[]
0,3,403,[]
0,3,404,[]
0,3,405,[]
0,3,406,[]
0,3,407,[]
0,3,408,[]
0,3,409,[]
0,3,410,[]
0,3,411,[]
0,3,412,[]
0,3,413,[]
0,3,414,[]
0,3,415,[]
0,3,416,[]
0,3,417,[]
0,3,418,[]
0,3,419,[]
0,3,420,[]
0,3,421,[]
0,3,422,[]
0,3,423,[]
0,3,424,[]
0,3,425,[]
0,3,426,[]
0,3,427,[]
0,3,428,[]
0,3,429,[]
0,3,430,[]
0,3,431,[]
0,3,432,[]
0,3,433,[]
0,3,434,[]
0,3,435,[]
0,3,436,[]
0,3,437,[]
0,3,438,[]
0,3,439,[]
0,3,440,[]
0,3,441,[]
0,3,442,[]
0,3,443,[]
0,3,444,[]
0,3,445,[]
0,3,446,[]
0,3,447,[]
0,3,448,[]
0,3,449,[]
0,3,450,[]
0,3,451,[]
0,3,452,[]
0,3,453,[]
0,3,454,[]
0,3,455,[]
0,3,456,[]
0,3,457,[]
0,3,458,[]
0,3,459,[]
0,3,460,[]
0,3,461,[]
0,3,462,[]
0,3,463,[]
0,3,464,[]
0,3,465,[]
0,3,466,[]
0,3,467,[]
0,3,468,[]
0,3,469,[]
0,3,470,[]
0,3,471,[]
0,3,472,[]
0,3,473,[]
0,3,474,[]
0,3,475,[]
0,3,476,[]
0,3,477,[]
0,3,478,[]
0,3,479,[]
0,3,480,[]
0,3,481,[]
0,3,482,[]
0,3,483,[]
0,3,484,[]
0,3,485,[]
0,3,486,[]
0,3,487,[]
0,3,488,[]
0,3,489,[]
0,3,490,[]
0,3,491,[]
0,3,492,[]
0,3,493,[]
0,3,494,[]
0,3,495,[]
0,3,496,[]
0,3,497,[]
0,3,498,[]
0,3,499,[]
0,3,500,[]
0,3,501,[]
0,3,502,[]
0,3,503,[]
0,3,504,[]
0,3,505,[]
0,3,506,[]
0,3,507,[]
0,3,508,[]
0,3,509,[]
0,3,510,[]
0,3,511,[]
0,3,512,[]
0,3,513,[]
0,3,514,[]
0,3,515,[]
0,3,516,[]
0,3,517,[]
0,3,518,[]
0,3,519,[]
0,3,520,[]
0,3,521,[]
0,3,522,[]
0,3,523,[]
0,3,524,[]
0,3,525,[]
0,3,526,[]
0,3,527,[]
0,3,528,[]
0,3,529,[]
0,3,530,[]
0,3,531,[]
0,3,532,[]
0,3,533,[]
0,3,534,[]
0,3,535,[]
0,3,536,[]
0,3,537,[]
0,3,538,[]
0,3,539,[]
0,3,540,[]
0,3,541,[]
0,3,542,[]
0,3,543,[]
0,3,544,[]
0,3,545,[]
0,3,546,[]
0,3,547,[]
0,3,548,[]
0,3,549,[]
0,3,550,[]
0,3,551,[]
0,3,552,[]
0,3,553,[]
0,3,554,[]
0,3,555,[]
0,3,556,[]
0,3,557,[]
0,3,558,[]
0,3,559,[]
0,3,560,[]
0,3,561,[]
0,3,562,[]
0,3,563,[]
0,3,564,[]
0,3,565,[]
0,3,566,[]
0,3,567,[]
0,3,568,[]
0,3,569,[]
0,3,570,[]
0,3,571,[]
0,3,572,[]
0,3,573,[]
0,3,574,[]
0,3,575,[]
0,3,576,[]
0,3,577,[]
0,3,578,[]
0,3,579,[]
0,3,580,[]
0,3,581,[]
0,3,582,[]
0,3,583,[]
0,3,584,[]
0,3,585,[]
0,3,586,[]
0,3,587,[]
0,3,588,[]
0,3,589,[]
0,3,590,[]
0,3,591,[]
0,3,592,[]
0,3,593,[]
0,3,594,[]
0,3,595,[]
0,3,596,[]
0,3,597,[]
0,3,598,[]
0,3,599,[]
0,3,600,[]
0,3,601,[]
0,3,602,[]
0,3,603,[]
0,3,604,[]
0,3,605,[]
0,3,606,[]
0,3,607,[]
0,3,608,[]
0,3,609,[]
0,3,610,[]
0,3,611,[]
0,3,612,[]
0,3,613,[]
0,3,614,[]
0,3,615,[]
0,3,616,[]
0,3,617,[]
0,3,618,[]
0,3,619,[]
0,3,620,[]
0,3,621,[]
0,3,622,[]
0,3,623,[]
0,3,624,[]
0,3,625,[]
0,3,626,[]
0,3,627,[]
0,3,628,[]
0,3,629,[]
0,3,630,[]
0,3,631,[]
0,3,632,[]
0,3,633,[]
0,3,634,[]
0,3,635,[]
0,3,636,[]
0,3,637,[]
0,3,638,[]
0,3,639,[]
0,3,640,[]
0,3,641,[]
0,3,642,[]
0,3,643,[]
0,3,644,[]
0,3,645,[]
0,3,646,[]
0,3,647,[]
0,3,648,[]
0,3,649,[]
0,3,650,[]
0,3,651,[]
0,3,652,[]
0,3,653,[]
0,3,654,[]
0,3,655,[]
0,3,656,[]
0,3,657,[]
0,3,658,[]
0,3,659,[]
0,3,660,[]
0,3,661,[]
0,3,662,[]
0,3,663,[]
0,3,664,[]
0,3,665,[]
0,3,666,[]
0,3,667,[]
0,3,668,[]
0,3,669,[]
0,3,670,[]
0,3,671,[]
0,3,672,[]
0,3,673,[]
0,3,674,[]
0,3,675,[]
0,3,676,[]
0,3,677,[]
0,3,678,[]
0,3,679,[]
0,3,680,[]
0,3,681,[]
0,3,682,[]
0,3,683,[]
0,3,684,[]
0,3,685,[]
0,3,686,[]
0,3,687,[]
0,3,688,[]
0,3,689,[]
0,3,690,[]
0,3,691,[]
0,3,692,[]
0,3,693,[]
0,3,694,[]
0,3,695,[]
0,3,696,[]
0,3,697,[]
0,3,698,[]
0,3,699,[]
0,3,700,[]
0,3,701,[]
0,3,702,[]
0,3,703,[]
0,3,704,[]
0,3,705,[]
0,3,706,[]
0,3,707,[]
0,3,708,[]
0,3,709,[]
0,3,710,[]
0,3,711,[]
0,3,712,[]
0,3,713,[]
0,3,714,[]
0,3,715,[]
0,3,716,[]
0,3,717,[]
0,3,718,[]
0,3,719,[]
0,3,720,[]
0,3,721,[]
0,3,722,[]
0,3,723,[]
0,3,724,[]
0,3,725,[]
0,3,726,[]
0,3,727,[]
0,3,728,[]
0,3,729,[]
0,3,730,[]
0,3,731,[]
0,3,732,[]
0,3,733,[]
0,3,734,[]
0,3,735,[]
0,3,736,[]
0,3,737,[]
0,3,738,[]
0,3,739,[]
0,3,740,[]
0,3,741,[]
0,3,742,[]
0,3,743,[]
0,3,744,[]
0,3,745,[]
0,3,746,[]
0,3,747,[]
0,3,748,[]
0,3,749,[]
0,3,750,[]
0,3,751,[]
0,3,752,[]
0,3,753,[]
0,3,754,[]
0,3,755,[]
0,3,756,[]
0,3,757,[]
0,3,758,[]
0,3,759,[]
0,3,760,[]
0,3,761,[]
0,3,762,[]
0,3,763,[]
0,3,764,[]
0,3,765,[]
0,3,766,[]
0,3,767,[]
0,3,768,[]
0,3,769,[]
0,3,770,[]
0,3,771,[]
0,3,772,[]
0,3,773,[]
0,3,774,[]
0,3,775,[]
0,3,776,[]
0,3,777,[]
0,3,778,[]
0,3,779,[]
0,3,780,[]
0,3,781,[]
0,3,782,[]
0,3,783,[]
0,3,784,[]
0,3,785,[]
0,3,786,[]
0,3,787,[]
0,3,788,[]
0,3,789,[]
0,3,790,[]
0,3,791,[]
0,3,792,[]
0,3,793,[]
0,3,794,[]
0,3,795,[]
0,3,796,[]
0,3,797,[]
0,3,798,[]
0,3,799,[]
0,3,800,[]
0,3,801,[]
0,3,802,[]
0,3,803,[]
0,3,804,[]
0,3,805,[]
0,3,806,[]
0,3,807,[]
0,3,808,[]
0,3,809,[]
0,3,810,[]
0,3,811,[]
0,3,812,[]
0,3,813,[]
0,3,814,[]
0,3,815,[]
0,3,816,[]
0,3,817,[]
0,3,818,[]
0,3,819,[]
0,3,820,[]
0,3,821,[]
0,3,822,[]
0,3,823,[]
0,3,824,[]
0,3,825,[]
0,3,826,[]
0,3,827,[]
0,3,828,[]
0,3,829,[]
0,3,830,[]
0,3,831,[]
0,3,832,[]
0,3,833,[]
0,3,834,[]
0,3,835,[]
0,3,836,[]
0,3,837,[]
0,3,838,[]
0,3,839,[]
0,3,840,[]
0,3,841,[]
0,3,842,[]
0,3,843,[]
0,3,844,[]
0,3,845,[]
0,3,846,[]
0,3,847,[]
0,3,848,[]
0,3,849,[]
0,3,850,[]
0,3,851,[]
0,3,852,[]
0,3,853,[]
0,3,854,[]
0,3,855,[]
0,3,856,[]
0,3,857,[]
0,3,858,[]
0,3,859,[]
0,3,860,[]
0,3,861,[]
0,3,862,[]
0,3,863,[]
0,3,864,[]
0,3,865,[]
0,3,866,[]
0,3,867,[]
0,3,868,[]
0,3,869,[]
0,3,870,[]
0,3,871,[]
0,3,872,[]
0,3,873,[]
0,3,874,[]
0,3,875,[]
0,3,876,[]
0,3,877,[]
0,3,878,[]
0,3,879,[]
0,3,880,[]
0,3,881,[]
0,3,882,[]
0,3,883,[]
0,3,884,[]
0,3,885,[]
0,3,886,[]
0,3,887,[]
0,3,888,[]
0,3,889,[]
0,3,890,[]
0,3,891,[]
0,3,892,[]
0,3,893,[]
0,3,894,[]
0,3,895,[]
0,3,896,[]
0,3,897,[]
0,3,898,[]
0,3,899,[]
0,3,900,[]
0,3,901,[]
0,3,902,[]
0,3,903,[]
0,3,904,[]
0,3,905,[]
0,3,906,[]
0,3,907,[]
0,3,908,[]
0,3,909,[]
0,3,910,[]
0,3,911,[]
0,3,912,[]
0,3,913,[]
0,3,914,[]
0,3,915,[]
0,3,916,[]
0,3,917,[]
0,3,918,[]
0,3,919,[]
0,3,920,[]
0,3,921,[]
0,3,922,[]
0,3,923,[]
0,3,924,[]
0,3,925,[]
0,3,926,[]
0,3,927,[]
0,3,928,[]
0,3,929,[]
0,3,930,[]
0,3,931,[]
0,3,932,[]
0,3,933,[]
0,3,934,[]
0,3,935,[]
0,3,936,[]
0,3,937,[]
0,3,938,[]
0,3,939,[]
0,3,940,[]
0,3,941,[]
0,3,942,[]
0,3,943,[]
0,3,944,[]
0,3,945,[]
0,3,946,[]
0,3,947,[]
0,3,948,[]
0,3,949,[]
0,3,950,[]
0,3,951,[]
0,3,952,[]
0,3,953,[]
0,3,954,[]
0,3,955,[]
0,3,956,[]
0,3,957,[]
0,3,958,[]
0,3,959,[]
0,3,960,[]
0,3,961,[]
0,3,962,[]
0,3,963,[]
0,3,964,[]
0,3,965,[]
0,3,966,[]
0,3,967,[]
0,3,968,[]
0,3,969,[]
0,3,970,[]
0,3,971,[]
0,3,972,[]
0,3,973,[]
0,3,974,[]
0,3,975,[]
0,3,976,[]
0,3,977,[]
0,3,978,[]
0,3,979,[]
0,3,980,[]
0,3,981,[]
0,3,982,[]
0,3,983,[]
0,3,984,[]
0,3,985,[]
0,3,986,[]
0,3,987,[]
0,3,988,[]
0,3,989,[]
0,3,990,[]
0,3,991,[]
0,3,992,[]
0,3,993,[]
0,3,994,[]
0,3,995,[]
0,3,996,[]
0,3,997,[]
0,3,998,[]
0,3,999,[]
