0.0, 0.0, 0.0, 0.0
0.0, 0.0, 0.0, 0.0
0.0, 0.0, 0.0, 0.0
0.0, 0.0013735339, 0.0, 0.0
0.0050763716, 0.0107937, 0.0, 0.0
0.009257155, 0.011764645, 0.0, 0.0005554149
0.005359487, 0.00433017, 0.0035114116, 0.004474296
0.0, 0.0, 0.0050701266, 0.0037593176
0.0, 0.0, 0.0044559157, 0.0015647913
0.0, 0.0, 0.0038386963, 0.0005845792
0.0, 0.0, 0.0042401333, 0.0012265112
0.0, 0.0, 0.0048232935, 0.002265977
0.0, 0.0, 0.005100365, 0.0029729817
0.0, 0.0, 0.0041262456, 0.0033068715
0.0, 0.0, 0.0021153535, 0.0034421075
0.0010380116, 0.00327081, 0.0011051398, 0.003519049
0.0046375436, 0.0070436643, 0.0005676333, 0.0028332633
0.0045308834, 0.00578264, 0.0, 0.0011221318
0.0027163948, 0.0019627234, 0.0, 5.0877377e-05
0.0021492022, 0.0, 0.001816679, 0.0007004777
0.0028284625, 0.00034682933, 0.0036498846, 0.001872617
0.0028225214, 0.0007809916, 0.00435571, 0.0025590758
0.0016538507, 0.0014458528, 0.0029320396, 0.0024829747
0.0009315399, 0.0024229656, 0.00097630103, 0.002233398
0.0011418904, 0.0038977535, 0.00010198304, 0.002627686
0.0017812875, 0.0046562874, 0.00063597865, 0.0032039785
0.0021351133, 0.0034059535, 0.0013355301, 0.0025688636
0.002281008, 0.0015701535, 0.0024870802, 0.0015521782
0.0026100385, 0.0, 0.0033962908, 0.0011034283
0.003100151, 5.7848098e-05, 0.0035655557, 0.0012550743
0.003231677, 0.0006257247, 0.003257968, 0.0012224419
0.0027941943, 0.0014093971, 0.0025901196, 0.0013766745
0.0016081177, 0.0026217364, 0.0010154605, 0.002043409
0.00055240316, 0.0038307565, 2.030485e-05, 0.003353348
0.00036360833, 0.0044616037, 0.000115067625, 0.004110304
0.001225252, 0.0038468835, 0.0012994702, 0.0037882086
0.0020640637, 0.0020673675, 0.0022622226, 0.0022219643
0.0030327083, 0.0005535153, 0.003347766, 0.0008262736
0.0032737344, 0.0, 0.0036055066, 0.0007612698
0.0034715536, 0.00040522413, 0.003288993, 0.0009104643
0.0032939692, 0.0009124449, 0.0027888906, 0.0009337004
0.0026684147, 0.0017189382, 0.002202544, 0.001377882
0.0013473536, 0.0027937288, 0.00096477405, 0.0024601074
0.00016485652, 0.0038186733, 0.00013678946, 0.0038384134
7.2463634e-05, 0.0043409355, 6.3323874e-05, 0.004380385
0.0012563678, 0.0037912172, 0.0012498515, 0.0038475767
0.002388688, 0.0018984071, 0.0023603872, 0.0020952898
0.003315831, 0.00042588482, 0.0033890468, 0.0006101531
0.0034082232, 0.0, 0.0035679613, 0.0006415826
0.0035175735, 0.00038005214, 0.003270844, 0.0008516067
0.0033677616, 0.00085364404, 0.002825211, 0.00088086235
0.0027170978, 0.0016784639, 0.0022760143, 0.0013730087
0.0012832487, 0.002803948, 0.0009657979, 0.002545469
2.5355475e-05, 0.0038582913, 5.0056387e-05, 0.0039251754
0.0, 0.0043737455, 0.0, 0.0044470336
0.0011842276, 0.0037977356, 0.0011768651, 0.0038737147
0.0024053827, 0.0018982594, 0.002363427, 0.0021031706
0.0033760124, 0.00042406298, 0.0034170407, 0.0005928832
0.00345123, 0.0, 0.0035823497, 0.0006072407
0.0035322367, 0.000328101, 0.0032752485, 0.0008170515
0.0033859678, 0.00081955217, 0.0028387432, 0.0008542381
0.0027477217, 0.0016578049, 0.0023034818, 0.0013641237
0.0012907995, 0.0027990965, 0.00097539765, 0.002555293
0.0, 0.0038659421, 2.285578e-05, 0.0039458037
0.0, 0.004378458, 0.0, 0.004454826
0.0011619437, 0.0038069112, 0.0011538466, 0.0038839628
0.0024026495, 0.0019165928, 0.0023588792, 0.0021196553
0.0033844826, 0.00043129284, 0.0034201022, 0.0005955408
0.0034573823, 0.0, 0.0035853132, 0.0005957401
0.0035336171, 0.00030601092, 0.0032786357, 0.0008062495
0.0033933853, 0.0008075179, 0.0028478205, 0.00084654824
0.0027626243, 0.0016491928, 0.0023170204, 0.0013591396
0.0012961867, 0.0027953652, 0.0009792966, 0.0025541005
0.0, 0.003866698, 1.3091628e-05, 0.0039468897
0.0, 0.0043797283, 0.0, 0.0044584554
0.001149818, 0.0038123587, 0.0011420061, 0.0038910592
0.0024002476, 0.0019258074, 0.0023573192, 0.0021294823
0.00338635, 0.0004352044, 0.0034214843, 0.0005992448
0.0034585034, 0.0, 0.003586133, 0.00059094117
0.0035336139, 0.0002966718, 0.0032796587, 0.0008014154
0.0033969977, 0.00080256315, 0.0028520818, 0.00084246835
0.002770691, 0.001645309, 0.0023235935, 0.0013557079
0.0012996945, 0.0027930078, 0.0009816646, 0.002552119
0.0, 0.0038663568, 9.589749e-06, 0.0039463597
0.0, 0.004379957, 0.0, 0.004459892
0.0011442947, 0.0038149685, 0.0011373447, 0.0038950332
0.0023982914, 0.0019301025, 0.0023562475, 0.002134555
0.003386382, 0.00043711538, 0.0034215231, 0.0006012496
0.003458732, 0.0, 0.0035860823, 0.0005890186
0.0035338525, 0.0002937902, 0.003279862, 0.00079918513
0.0033987444, 0.0008009677, 0.0028538709, 0.0008405464
0.002774284, 0.0016435436, 0.0023264599, 0.0013538615
0.0013011366, 0.0027916268, 0.0009828594, 0.0025510944
0.0, 0.0038656192, 8.726664e-06, 0.0039459714
0.0, 0.0043798215, 0.0, 0.004460535
0.0011420962, 0.003816115, 0.0011356818, 0.0038969782
0.0023973796, 0.001932077, 0.0023556235, 0.0021368533
0.0033861466, 0.00043808826, 0.003421017, 0.00060198683
0.0034587984, 0.0, 0.0035856483, 0.0005880983
0.0035340814, 0.0002935159, 0.0032800196, 0.0007984015
0.0033995283, 0.00080052257, 0.0028547829, 0.00083983573
0.0027754786, 0.0016426905, 0.0023275726, 0.0013529507
0.001301571, 0.0027907386, 0.0009835906, 0.0025505275
0.0, 0.0038652436, 8.880813e-06, 0.003945729
0.0, 0.0043796697, 0.0, 0.004460858
0.0011413489, 0.0038166284, 0.0011351954, 0.0038978776
0.002396842, 0.0019327869, 0.002355144, 0.0021377143
0.003386082, 0.00043854755, 0.0034206524, 0.0006022026
0.0034588536, 0.0, 0.0035854385, 0.0005878497
0.0035342993, 0.0002939872, 0.003280044, 0.0007980162
0.0033996457, 0.00080062146, 0.002855007, 0.00083931396
0.0027757967, 0.0016422264, 0.002328061, 0.0013525621
0.0013017214, 0.0027902515, 0.0009839664, 0.0025504183
0.0, 0.0038649007, 9.2019145e-06, 0.00394579
0.0, 0.0043795076, 0.0, 0.0044609727
0.0011410882, 0.0038167944, 0.00113507, 0.0038982723
0.0023966879, 0.0019331179, 0.0023550007, 0.0021379467
0.0033860698, 0.00043878017, 0.0034204524, 0.00060223596
0.0034588778, 0.0, 0.00358523, 0.0005878075
0.003534368, 0.00029495216, 0.0032798934, 0.0007978695
0.0033995782, 0.0008008735, 0.0028551854, 0.00083905656
0.0027756903, 0.0016420255, 0.002328222, 0.0013524459
0.0013015702, 0.002789842, 0.000984313, 0.002550347
0.0, 0.0038645687, 9.732348e-06, 0.003945715
0.0, 0.004379242, 0.0, 0.004460957
0.0011411819, 0.0038169427, 0.001135124, 0.0038984246
0.0023966064, 0.0019333225, 0.0023547402, 0.0021380505
0.0033859373, 0.00043901656, 0.0034200952, 0.0006023017
0.003458844, 0.0, 0.003584923, 0.0005877771
0.0035344865, 0.0002958116, 0.0032799658, 0.00079776446
0.0033993938, 0.000801102, 0.002855298, 0.00083902106
0.0027754558, 0.0016418821, 0.002328335, 0.001352252
0.0013014195, 0.0027896154, 0.0009845799, 0.002550361
0.0, 0.0038643153, 1.0105429e-05, 0.003945688
0.0, 0.004379069, 0.0, 0.004460999
0.0011412416, 0.0038170435, 0.0011351765, 0.003898528
0.002396582, 0.0019333585, 0.0023546047, 0.002138039
0.0033859662, 0.00043910593, 0.0034199154, 0.0006021591
0.0034589125, 0.0, 0.003584829, 0.0005877886
0.0035345643, 0.00029674917, 0.003279944, 0.0007976255
0.0033990974, 0.00080123945, 0.0028553873, 0.0008388531
0.002775226, 0.0016418218, 0.0023284382, 0.0013521988
0.0013012862, 0.0027892299, 0.0009847376, 0.0025502841
0.0, 0.0038641277, 1.0717491e-05, 0.003945756
0.0, 0.0043789838, 0.0, 0.0044609583
0.0011414018, 0.0038171767, 0.0011352225, 0.0038986076
0.0023964732, 0.0019334871, 0.0023544577, 0.0021380468
0.0033859455, 0.00043921074, 0.0034196738, 0.00060212374
0.0034588587, 0.0, 0.0035847006, 0.00058790896
0.0035346851, 0.00029765329, 0.0032799873, 0.0007975671
0.0033989411, 0.00080160395, 0.0028553796, 0.00083860883
0.0027749706, 0.0016417266, 0.0023284375, 0.0013520762
0.0013010958, 0.0027890282, 0.0009850124, 0.0025503747
0.0, 0.003863938, 1.1179965e-05, 0.00394569
0.0, 0.0043787286, 0.0, 0.0044609318
0.0011414452, 0.0038171909, 0.0011353125, 0.0038987384
0.002396432, 0.0019335315, 0.0023543232, 0.0021379932
0.0033859718, 0.00043934866, 0.0034194647, 0.000602019
0.0034588564, 0.0, 0.003584508, 0.0005879593
0.00353467, 0.00029863522, 0.0032799176, 0.0007974356
0.00339876, 0.000801909, 0.0028553964, 0.00083855604
0.0027747187, 0.0016417012, 0.0023284631, 0.0013519528
0.0013008891, 0.0027887723, 0.0009852125, 0.0025503542
0.0, 0.0038637142, 1.1695468e-05, 0.00394577
0.0, 0.004378569, 0.0, 0.0044609695
0.0011414909, 0.0038172528, 0.0011354021, 0.0038987703
0.002396406, 0.001933589, 0.0023541262, 0.0021380307
0.0033860055, 0.0004394364, 0.0034192496, 0.00060196366
0.0034589502, 0.0, 0.0035843258, 0.00058786036
0.0035348216, 0.0002995725, 0.0032799346, 0.0007972893
0.003398492, 0.00080213044, 0.002855497, 0.00083831424
0.002774415, 0.0016416068, 0.0023284946, 0.0013519264
0.0013006793, 0.002788584, 0.0009855167, 0.0025504474
0.0, 0.0038633896, 1.2263479e-05, 0.0039457693
0.0, 0.004378383, 0.0, 0.004460915
0.0011415698, 0.0038172477, 0.0011353698, 0.00389885
0.0023964422, 0.0019337209, 0.0023540643, 0.0021380817
0.0033860211, 0.0004396074, 0.0034190062, 0.0006019124
0.0034588946, 0.0, 0.0035841626, 0.0005879475
0.0035348216, 0.0003004921, 0.0032799058, 0.0007971539
0.0033983234, 0.0008023942, 0.0028555584, 0.0008381876
0.0027741604, 0.0016415111, 0.0023286424, 0.0013518095
0.0013004357, 0.002788252, 0.0009857736, 0.0025504727
0.0, 0.00386325, 1.2603364e-05, 0.0039458387
0.0, 0.0043782187, 0.0, 0.0044609723
0.0011416001, 0.0038173618, 0.0011354513, 0.0038988907
0.0023963973, 0.0019337598, 0.0023539192, 0.0021380312
0.0033859941, 0.00043968088, 0.0034188898, 0.00060186506
0.0034589516, 0.0, 0.0035840503, 0.0005879661
0.0035349466, 0.00030134193, 0.0032798785, 0.0007970852
0.003398075, 0.0008026989, 0.002855562, 0.000837976
0.0027739203, 0.0016414716, 0.0023286988, 0.0013517501
0.0013003414, 0.002788031, 0.000986126, 0.0025504238
0.0, 0.0038629817, 1.3045549e-05, 0.0039457795
0.0, 0.004378082, 0.0, 0.0044608563
0.0011417528, 0.0038173178, 0.0011355783, 0.0038990704
0.002396393, 0.0019338346, 0.0023537974, 0.0021380421
0.0033860009, 0.00043977957, 0.003418662, 0.00060180493
0.0034589635, 0.0, 0.0035837411, 0.00058792706
0.003534998, 0.0003023601, 0.0032798501, 0.0007970604
0.0033977644, 0.0008029752, 0.0028556092, 0.0008378538
0.0027736344, 0.0016413118, 0.0023286946, 0.0013516966
0.0013001272, 0.0027877656, 0.0009862357, 0.0025503896
0.0, 0.0038627523, 1.3671558e-05, 0.0039458293
0.0, 0.0043778457, 0.0, 0.0044609024
0.0011419127, 0.0038173723, 0.0011357474, 0.0038990462
0.002396284, 0.0019339619, 0.0023535779, 0.0021379006
0.0033860211, 0.00044000222, 0.0034183508, 0.00060171407
0.0034589148, 0.0, 0.0035836587, 0.00058802834
0.003535044, 0.0003032229, 0.0032798916, 0.00079696055
0.0033975425, 0.0008032106, 0.002855776, 0.0008378543
0.0027733182, 0.0016412316, 0.0023287318, 0.0013515912
0.0012999353, 0.0027875172, 0.0009864941, 0.0025504169
0.0, 0.0038626238, 1.4101881e-05, 0.003945856
0.0, 0.004377735, 0.0, 0.0044608517
0.0011420068, 0.003817425, 0.0011357688, 0.003899144
0.0023963267, 0.0019340103, 0.002353469, 0.0021379301
0.0033859329, 0.00044005003, 0.0034181525, 0.00060163636
0.0034589334, 0.0, 0.0035835078, 0.00058805145
0.0035351645, 0.0003042518, 0.0032799195, 0.00079683546
0.003397308, 0.0008035182, 0.002855715, 0.0008376342
0.0027730877, 0.0016411716, 0.0023288054, 0.0013514948
0.0012997098, 0.0027872056, 0.000986782, 0.0025504283
0.0, 0.0038624073, 1.4520312e-05, 0.003945835
0.0, 0.004377593, 0.0, 0.0044608624
0.0011421812, 0.0038175692, 0.0011358833, 0.0038992323
0.0023963605, 0.0019340952, 0.0023533327, 0.0021378521
0.0033860225, 0.0004401087, 0.0034178745, 0.0006015134
0.003458863, 0.0, 0.0035833372, 0.00058809627
0.0035351426, 0.00030504708, 0.003279916, 0.00079681276
0.003397039, 0.0008036957, 0.0028558658, 0.00083760335
0.002772848, 0.0016410282, 0.0023288669, 0.0013514404
0.0012995686, 0.0027870152, 0.0009869887, 0.002550441
0.0, 0.003862193, 1.5004045e-05, 0.0039458126
0.0, 0.004377448, 0.0, 0.0044607767
0.0011422681, 0.003817577, 0.0011359102, 0.0038992614
0.002396304, 0.0019341639, 0.0023532026, 0.0021377737
0.003385945, 0.00044022806, 0.0034177662, 0.0006015397
0.0034588946, 0.0, 0.0035832187, 0.000588184
0.0035351475, 0.00030607995, 0.0032798653, 0.00079667347
0.0033967858, 0.0008040303, 0.002855898, 0.0008374253
0.002772545, 0.0016410166, 0.0023288955, 0.0013513424
0.0012993513, 0.002786795, 0.0009872254, 0.0025505135
0.0, 0.003861924, 1.552876e-05, 0.0039457507
0.0, 0.0043772357, 0.0, 0.004460742
0.0011424121, 0.0038175883, 0.0011360135, 0.0038993596
0.0023962248, 0.0019341484, 0.002353073, 0.0021378146
0.003385961, 0.00044041488, 0.0034175084, 0.00060146727
0.0034588312, 0.0, 0.0035829863, 0.0005881893
0.0035352523, 0.00030704428, 0.003279869, 0.00079653173
0.0033966408, 0.00080432463, 0.0028559635, 0.00083717145
0.0027722877, 0.0016408811, 0.002328915, 0.0013512629
0.0012991122, 0.0027865039, 0.000987561, 0.0025505081
0.0, 0.0038616639, 1.6034179e-05, 0.003945815
0.0, 0.0043771216, 0.0, 0.0044607134
0.0011424944, 0.0038177862, 0.0011360211, 0.0038993969
0.0023962858, 0.0019343053, 0.002352847, 0.0021377846
0.0033859734, 0.00044052646, 0.0034172605, 0.0006014075
0.003458877, 0.0, 0.0035828443, 0.0005882238
0.0035352814, 0.00030788066, 0.0032798646, 0.0007964206
0.0033963704, 0.00080452126, 0.0028560811, 0.00083715125
0.0027720607, 0.001640773, 0.0023290697, 0.0013511438
0.0012989579, 0.0027862357, 0.0009877417, 0.0025504725
0.0, 0.003861476, 1.6487054e-05, 0.0039457986
0.0, 0.0043769116, 0.0, 0.004460718
0.0011427145, 0.0038177643, 0.0011361792, 0.003899375
0.0023962162, 0.0019344356, 0.0023527176, 0.0021378323
0.0033859725, 0.00044059556, 0.0034170272, 0.00060129387
0.0034588142, 0.0, 0.0035826748, 0.0005882836
0.003535335, 0.00030884251, 0.0032798566, 0.0007963468
0.0033961497, 0.00080495025, 0.0028561077, 0.00083698216
0.002771686, 0.001640717, 0.0023290354, 0.0013511536
0.0012987151, 0.002786003, 0.000987983, 0.0025505193
0.0, 0.0038612876, 1.6991999e-05, 0.003945819
0.0, 0.0043767923, 0.0, 0.0044606924
0.0011427517, 0.0038178344, 0.0011362042, 0.0038994923
0.00239627, 0.0019344199, 0.0023526687, 0.0021377339
0.0033859794, 0.0004406864, 0.0034168435, 0.0006012181
0.0034588806, 0.0, 0.003582465, 0.0005882097
0.0035353878, 0.00030969427, 0.0032799016, 0.00079623424
0.0033959274, 0.00080515805, 0.0028562653, 0.0008368996
0.002771474, 0.001640673, 0.0023291255, 0.0013509996
0.0012985851, 0.002785745, 0.0009882778, 0.0025505524
0.0, 0.003860997, 1.746513e-05, 0.0039457637
0.0, 0.0043765972, 0.0, 0.0044606267
0.0011428468, 0.0038179616, 0.0011363636, 0.0038996225
0.0023961824, 0.0019345722, 0.0023524226, 0.002137809
0.003385933, 0.00044083782, 0.0034166118, 0.00060115114
0.003458807, 0.0, 0.0035823195, 0.0005882841
0.003535415, 0.00031058455, 0.0032799197, 0.00079614745
0.003395728, 0.0008054731, 0.002856281, 0.000836644
0.002771292, 0.0016405557, 0.0023292764, 0.0013508853
0.0012984193, 0.0027854554, 0.0009884452, 0.0025504623
0.0, 0.00386087, 1.7914264e-05, 0.003945821
0.0, 0.0043764096, 0.0, 0.004460697
0.0011428655, 0.003817949, 0.0011364244, 0.0038996362
0.0023961775, 0.0019345718, 0.002352358, 0.0021377855
0.0033860006, 0.00044098852, 0.003416459, 0.00060104
0.00345888, 0.0, 0.00358215, 0.000588366
0.0035354593, 0.0003115431, 0.0032798613, 0.0007959973
0.0033955136, 0.00080572616, 0.0028563447, 0.0008365941
0.0027709303, 0.0016405466, 0.0023291814, 0.0013509287
0.0012981518, 0.0027852738, 0.000988779, 0.0025505081
0.0, 0.0038605952, 1.8384995e-05, 0.0039458624
0.0, 0.0043762918, 0.0, 0.0044606277
0.0011429675, 0.0038180684, 0.0011364195, 0.0038996558
0.0023962373, 0.0019346746, 0.0023522684, 0.0021376882
0.0033860423, 0.00044110915, 0.003416234, 0.0006009868
0.0034589001, 0.0, 0.0035819742, 0.00058828114
0.003535504, 0.0003123139, 0.00327988, 0.00079584995
0.003395327, 0.00080602296, 0.0028564187, 0.0008364749
0.0027706572, 0.001640424, 0.002329368, 0.0013508025
0.0012979354, 0.0027850089, 0.000988971, 0.0025505698
0.0, 0.0038604615, 1.876143e-05, 0.003945755
0.0, 0.0043760766, 0.0, 0.0044606286
0.0011431188, 0.0038181245, 0.0011365124, 0.0038997752
0.0023961545, 0.0019347627, 0.002352128, 0.0021377073
0.0033860418, 0.0004412474, 0.0034160106, 0.00060093025
0.0034588207, 0.0, 0.0035818345, 0.0005883461
0.0035356234, 0.0003133939, 0.003279836, 0.000795739
0.003395065, 0.00080630346, 0.002856449, 0.0008362588
0.0027704088, 0.0016402974, 0.0023294429, 0.0013506761
0.0012978221, 0.0027847057, 0.0009892351, 0.002550561
0.0, 0.003860195, 1.9459876e-05, 0.0039458503
0.0, 0.004375933, 0.0, 0.004460628
0.0011432014, 0.0038181208, 0.0011365571, 0.003899788
0.0023962376, 0.0019348941, 0.00235188, 0.0021376428
0.003386121, 0.00044131873, 0.003415872, 0.00060084
0.0034588377, 0.0, 0.003581671, 0.00058848265
0.0035355692, 0.0003141651, 0.0032799176, 0.0007955805
0.0033947576, 0.00080652925, 0.0028565398, 0.0008361934
0.0027701424, 0.001640317, 0.002329424, 0.001350629
0.0012975157, 0.0027845223, 0.0009894796, 0.0025506034
0.0, 0.0038600476, 1.9847146e-05, 0.00394578
0.0, 0.0043757474, 0.0, 0.0044604843
0.0011432956, 0.003818271, 0.0011366315, 0.003899948
0.0023961158, 0.0019349669, 0.0023518074, 0.0021376368
0.0033860398, 0.00044138805, 0.0034156116, 0.0006007597
0.0034588894, 0.0, 0.0035814706, 0.00058850914
0.0035356607, 0.0003151297, 0.003279787, 0.0007955514
0.003394533, 0.0008067948, 0.0028566676, 0.00083605654
0.002769852, 0.0016402287, 0.002329602, 0.0013505226
0.0012973881, 0.0027842547, 0.000989731, 0.0025505803
0.0, 0.003859758, 2.035619e-05, 0.0039458256
0.0, 0.004375576, 0.0, 0.0044605024
0.0011434885, 0.0038182873, 0.0011367281, 0.0038999475
0.0023960997, 0.0019349878, 0.0023515976, 0.00213753
0.0033859464, 0.00044154955, 0.0034153308, 0.00060076686
0.0034587928, 0.0, 0.0035813118, 0.00058853615
0.0035357368, 0.00031607866, 0.003279918, 0.0007953715
0.003394405, 0.0008070873, 0.0028567126, 0.00083582534
0.0027695736, 0.0016400991, 0.002329693, 0.0013504009
0.0012971241, 0.0027839316, 0.0009900036, 0.0025505875
0.0, 0.0038596191, 2.0817883e-05, 0.0039458037
0.0, 0.004375384, 0.0, 0.004460471
0.0011436157, 0.003818416, 0.0011368518, 0.0038999661
0.002396117, 0.0019351508, 0.0023514682, 0.0021375427
0.0033859082, 0.0004416152, 0.0034151424, 0.00060066086
0.0034587674, 0.0, 0.0035811528, 0.0005885687
0.0035355904, 0.00031701865, 0.0032798415, 0.0007953651
0.0033940743, 0.00080746284, 0.0028568076, 0.0008357408
0.0027692958, 0.0016400339, 0.0023296333, 0.0013504451
0.0012969455, 0.002783785, 0.0009901242, 0.0025506176
0.0, 0.0038593963, 2.122314e-05, 0.003945771
0.0, 0.0043752613, 0.0, 0.004460455
0.0011437822, 0.0038183408, 0.001137063, 0.003900019
0.002396137, 0.0019351427, 0.0023513588, 0.002137513
0.0033860328, 0.00044173174, 0.0034148374, 0.00060055224
0.00345882, 0.0, 0.0035809989, 0.00058856746
0.0035357503, 0.0003178904, 0.0032798348, 0.00079520466
0.0033938403, 0.00080768863, 0.002856889, 0.00083567185
0.002768958, 0.001640009, 0.0023297218, 0.0013503649
0.001296698, 0.0027835672, 0.000990315, 0.0025506185
0.0, 0.0038591614, 2.1753443e-05, 0.003945858
0.0, 0.0043751257, 0.0, 0.004460512
0.0011438174, 0.0038184242, 0.0011369544, 0.003900099
0.002396163, 0.0019351859, 0.0023512032, 0.0021374172
0.003385974, 0.00044186955, 0.0034145967, 0.00060046365
0.0034588324, 0.0, 0.0035809125, 0.00058860675
0.0035358537, 0.0003187001, 0.0032798778, 0.00079505437
0.0033935744, 0.00080797804, 0.0028569621, 0.0008354363
0.002768729, 0.001639871, 0.0023298764, 0.0013502581
0.0012964773, 0.0027832917, 0.0009906705, 0.0025506448
0.0, 0.0038590035, 2.2231889e-05, 0.0039458503
0.0, 0.004375029, 0.0, 0.004460364
0.0011439801, 0.0038184156, 0.0011370715, 0.0039001517
0.0023961344, 0.0019353302, 0.002351038, 0.0021374368
0.0033859161, 0.00044200223, 0.003414439, 0.0006004573
0.0034587188, 0.0, 0.0035806939, 0.00058868626
0.0035359361, 0.00031979126, 0.0032798199, 0.0007948945
0.0033933201, 0.00080827076, 0.0028570488, 0.0008353552
0.0027684055, 0.0016397925, 0.002329985, 0.0013502411
0.001296287, 0.002782992, 0.0009909612, 0.0025505805
0.0, 0.0038587744, 2.2808517e-05, 0.00394583
0.0, 0.004374755, 0.0, 0.0044603175
0.0011440421, 0.0038185823, 0.0011371679, 0.0039002476
0.0023960967, 0.0019354044, 0.0023508216, 0.0021374158
0.0033860742, 0.00044215642, 0.0034142633, 0.0006003374
0.0034587928, 0.0, 0.0035804925, 0.0005886962
0.0035358698, 0.0003204962, 0.0032798813, 0.00079478393
0.003393227, 0.0008085049, 0.0028571244, 0.0008352523
0.0027681312, 0.0016397401, 0.0023300888, 0.001350251
0.0012960477, 0.0027828752, 0.0009911364, 0.0025506828
0.0, 0.0038585837, 2.309787e-05, 0.0039458284
0.0, 0.004374607, 0.0, 0.004460332
0.0011442135, 0.00381867, 0.0011371578, 0.0039002765
0.0023961198, 0.0019354853, 0.0023507997, 0.0021373164
0.0033860079, 0.0004422493, 0.0034140386, 0.00060031645
0.003458786, 0.0, 0.0035803074, 0.00058877975
0.0035359045, 0.00032143516, 0.003279887, 0.00079461304
0.003392945, 0.00080882397, 0.0028572548, 0.00083504635
0.0027678416, 0.0016396698, 0.0023301062, 0.0013501133
0.0012958695, 0.002782563, 0.0009914592, 0.0025506387
0.0, 0.0038583924, 2.3620762e-05, 0.003945786
0.0, 0.004374433, 0.0, 0.0044603692
0.001144236, 0.0038187774, 0.0011372423, 0.003900382
0.0023961319, 0.0019355576, 0.002350641, 0.002137388
0.0033860044, 0.00044231984, 0.0034138325, 0.0006001973
0.003458775, 0.0, 0.0035801097, 0.00058867614
0.003535998, 0.00032239917, 0.0032799134, 0.0007944952
0.003392701, 0.00080904504, 0.0028572981, 0.0008349092
0.0027675175, 0.0016395418, 0.0023301842, 0.0013500837
0.0012955994, 0.0027822882, 0.0009917686, 0.0025507894
0.0, 0.0038582222, 2.4065585e-05, 0.0039458666
0.0, 0.0043743677, 0.0, 0.004460281
0.0011443845, 0.0038188084, 0.0011372296, 0.0039003168
0.0023962366, 0.0019356736, 0.0023504775, 0.002137307
0.0033861066, 0.00044245133, 0.003413585, 0.0006001565
0.0034587216, 0.0, 0.0035800433, 0.00058886607
0.0035359412, 0.00032310345, 0.003279868, 0.0007943641
0.0033925262, 0.00080931355, 0.0028574523, 0.00083482376
0.0027673051, 0.0016394991, 0.0023303402, 0.0013499341
0.0012954681, 0.0027820684, 0.000991934, 0.002550695
0.0, 0.0038579844, 2.452445e-05, 0.003945821
0.0, 0.0043741916, 0.0, 0.004460222
0.0011444086, 0.0038188556, 0.0011372713, 0.003900478
0.0023961852, 0.0019357741, 0.002350339, 0.0021372745
0.0033861038, 0.00044254574, 0.0034133778, 0.0006001597
0.0034588056, 0.0, 0.0035798426, 0.00058878405
0.003535956, 0.00032402945, 0.003279968, 0.0007942005
0.0033922414, 0.00080959115, 0.0028575305, 0.00083465537
0.0027670062, 0.0016394445, 0.002330416, 0.0013499451
0.0012952428, 0.0027818754, 0.0009922165, 0.0025507635
0.0, 0.003857783, 2.4890625e-05, 0.003945793
0.0, 0.0043740165, 0.0, 0.0044602975
0.001144548, 0.0038189676, 0.0011372796, 0.003900401
0.002396177, 0.0019358483, 0.0023502163, 0.0021372968
0.003386171, 0.00044270093, 0.0034132372, 0.0006000215
0.003458724, 0.0, 0.0035797523, 0.0005888602
0.0035359745, 0.00032491286, 0.0032799204, 0.0007940555
0.0033920421, 0.0008098509, 0.0028575903, 0.0008344756
0.0027667806, 0.0016393274, 0.0023305665, 0.0013498395
0.0012950955, 0.0027816081, 0.0009925291, 0.0025506597
0.0, 0.0038575507, 2.5441881e-05, 0.0039457674
0.0, 0.004373915, 0.0, 0.004460237
0.001144514, 0.0038190612, 0.0011373016, 0.00390054
0.0023961258, 0.0019359872, 0.0023500603, 0.0021373075
0.0033861005, 0.00044285637, 0.003413062, 0.0006000209
0.003458694, 0.0, 0.0035795665, 0.0005887874
0.0035359883, 0.00032578496, 0.0032798753, 0.0007938215
0.0033918282, 0.00081015023, 0.0028577591, 0.00083437376
0.002766597, 0.0016392962, 0.0023306566, 0.0013497755
0.001294752, 0.0027813837, 0.0009926534, 0.0025507952
0.0, 0.003857381, 2.5816622e-05, 0.0039458284
0.0, 0.004373719, 0.0, 0.0044601955
0.0011447225, 0.003819045, 0.0011374824, 0.003900507
0.0023961994, 0.0019360688, 0.0023499506, 0.0021372563
0.0033862693, 0.00044295267, 0.0034128714, 0.00059986784
0.0034586394, 0.0, 0.0035793192, 0.0005888559
0.0035360558, 0.00032657018, 0.0032799435, 0.0007937182
0.0033915518, 0.0008103785, 0.0028577934, 0.0008342618
0.002766193, 0.0016392169, 0.0023307381, 0.0013498763
0.0012945969, 0.0027811893, 0.0009928775, 0.00255077
0.0, 0.003857181, 2.630577e-05, 0.0039457637
0.0, 0.0043735355, 0.0, 0.004460178
0.0011449652, 0.0038191245, 0.0011375728, 0.0039006092
0.0023962436, 0.0019361568, 0.0023497615, 0.0021370992
0.0033861692, 0.00044299362, 0.0034125785, 0.00059974025
0.003458663, 0.0, 0.0035792622, 0.0005889396
0.003536037, 0.00032756227, 0.00327992, 0.00079365226
0.0033913194, 0.0008107449, 0.0028579223, 0.0008341953
0.0027658953, 0.0016392043, 0.002330801, 0.0013496958
0.0012943688, 0.0027809725, 0.0009932144, 0.0025507926
0.0, 0.003857009, 2.6801728e-05, 0.0039458866
0.0, 0.004373332, 0.0, 0.0044600675
0.0011450365, 0.0038191648, 0.001137634, 0.0039005538
0.0023962478, 0.0019362689, 0.0023495771, 0.0021371108
0.0033862242, 0.00044317462, 0.0034123454, 0.00059974415
0.003458626, 0.0, 0.0035791113, 0.00058899843
0.0035360232, 0.00032838673, 0.0032799602, 0.0007935215
0.0033910805, 0.0008109238, 0.002857966, 0.0008340373
0.0027655018, 0.0016390953, 0.0023309242, 0.0013496744
0.0012941231, 0.0027807506, 0.0009934499, 0.0025509582
0.0, 0.003856849, 2.7277889e-05, 0.0039457493
0.0, 0.0043733055, 0.0, 0.0044599283
0.0011452705, 0.0038193273, 0.0011376931, 0.0039006248
0.0023961966, 0.0019362834, 0.0023494319, 0.0021370556
0.0033860756, 0.00044328652, 0.003412105, 0.00059974205
0.0034586038, 0.0, 0.003578953, 0.0005890917
0.0035360185, 0.00032925804, 0.0032799265, 0.0007934051
0.003390842, 0.0008113238, 0.0028580625, 0.0008339457
0.0027653, 0.0016391078, 0.0023310299, 0.0013496791
0.0012939926, 0.0027804407, 0.0009937488, 0.0025506853
0.0, 0.0038566042, 2.7760932e-05, 0.0039457176
0.0, 0.004373087, 0.0, 0.0044599874
0.0011452553, 0.0038194696, 0.0011376886, 0.0039006798
0.0023962404, 0.0019364189, 0.0023493895, 0.0021370621
0.003386119, 0.00044341135, 0.003411893, 0.0005996461
0.0034586315, 0.0, 0.0035787874, 0.0005891248
0.00353607, 0.0003301439, 0.0032798904, 0.00079317443
0.0033906577, 0.0008115492, 0.0028581857, 0.00083380996
0.002765019, 0.0016390175, 0.0023311165, 0.0013495833
0.0012936931, 0.002780287, 0.0009939417, 0.0025508457
0.0, 0.0038563556, 2.8208615e-05, 0.0039456664
0.0, 0.0043729795, 0.0, 0.004459924
0.0011454022, 0.0038194663, 0.0011377805, 0.0039007242
0.0023962734, 0.0019365518, 0.0023491438, 0.0021370428
0.0033861876, 0.00044343778, 0.0034117356, 0.0005995268
0.003458499, 0.0, 0.0035785253, 0.0005891244
0.003536112, 0.00033101975, 0.003279975, 0.0007931004
0.0033903015, 0.00081187376, 0.0028582818, 0.0008336772
0.0027647808, 0.0016388952, 0.0023313027, 0.0013494984
0.0012936698, 0.0027800929, 0.0009942548, 0.0025508553
0.0, 0.0038562024, 2.8631788e-05, 0.0039456673
0.0, 0.0043727187, 0.0, 0.0044598887
0.001145462, 0.0038195087, 0.0011378034, 0.003900793
0.0023962162, 0.0019366317, 0.0023490032, 0.0021370149
0.0033861676, 0.00044354604, 0.0034115834, 0.0005995859
0.0034584936, 0.0, 0.0035784864, 0.00058913237
0.0035361703, 0.00033190157, 0.0032799968, 0.0007928048
0.0033901446, 0.0008121507, 0.0028583491, 0.0008334779
0.002764431, 0.001638961, 0.0023312815, 0.0013494501
0.0012932613, 0.0027798167, 0.0009945108, 0.0025508634
0.0, 0.0038559705, 2.9129755e-05, 0.003945683
0.0, 0.0043726023, 0.0, 0.0044598137
0.0011454937, 0.0038195932, 0.0011378977, 0.0039008148
0.002396258, 0.0019367045, 0.002348909, 0.0021370493
0.0033861902, 0.00044369482, 0.003411297, 0.0005995255
0.0034584673, 0.0, 0.0035781956, 0.00058913545
0.0035361673, 0.00033274546, 0.0032799712, 0.00079269265
0.003390078, 0.0008124075, 0.0028585114, 0.00083327317
0.0027641729, 0.0016387908, 0.0023314583, 0.0013493384
0.0012931318, 0.0027795618, 0.0009947662, 0.002550844
0.0, 0.003855734, 2.9593873e-05, 0.0039456706
0.0, 0.0043724524, 0.0, 0.0044598775
0.0011455925, 0.003819666, 0.0011378505, 0.0039009703
0.002396329, 0.0019368698, 0.0023486847, 0.002137022
0.0033861739, 0.0004438865, 0.0034109352, 0.00059944944
0.0034584736, 0.0, 0.0035780657, 0.00058919686
0.0035362572, 0.00033355804, 0.0032799726, 0.0007924793
0.0033897627, 0.00081257714, 0.00285864, 0.0008332412
0.002763998, 0.0016386912, 0.0023316003, 0.0013493034
0.001292982, 0.0027793017, 0.0009951176, 0.0025508462
0.0, 0.003855523, 3.00014e-05, 0.00394563
0.0, 0.0043723388, 0.0, 0.0044598193
0.0011456937, 0.0038198307, 0.0011378503, 0.0039009766
0.0023962606, 0.0019369905, 0.00234854, 0.0021370049
0.003386071, 0.00044394523, 0.0034108215, 0.0005995024
0.00345841, 0.0, 0.0035779625, 0.00058924255
0.0035361922, 0.00033442717, 0.003280029, 0.0007923913
0.0033895285, 0.0008129282, 0.002858725, 0.00083304895
0.002763775, 0.0016386921, 0.0023316448, 0.0013491563
0.0012927046, 0.0027790556, 0.0009952594, 0.0025508064
0.0, 0.0038553523, 3.0440115e-05, 0.0039456603
0.0, 0.0043721325, 0.0, 0.004459671
0.0011459427, 0.0038197907, 0.001138118, 0.0039010248
0.0023961961, 0.0019369003, 0.0023484118, 0.00213697
0.0033861706, 0.00044397477, 0.0034105787, 0.00059939706
0.0034583686, 0.0, 0.0035777395, 0.0005893577
0.0035360795, 0.0003355019, 0.003279963, 0.00079226255
0.0033891993, 0.00081332744, 0.0028587878, 0.0008329539
0.0027633733, 0.001638722, 0.002331769, 0.0013490837
0.0012924925, 0.0027788929, 0.0009956076, 0.0025509144
0.0, 0.0038551763, 3.0869873e-05, 0.0039456384
0.0, 0.004371879, 0.0, 0.0044597164
0.001146005, 0.0038198216, 0.0011382321, 0.0039009776
0.0023963316, 0.0019370824, 0.0023483254, 0.0021368123
0.0033862162, 0.00044418688, 0.0034103992, 0.0005992934
0.0034583327, 0.0, 0.0035775856, 0.0005893849
0.0035361152, 0.00033636938, 0.003279908, 0.00079196866
0.003388992, 0.0008135773, 0.002858908, 0.00083277654
0.0027630122, 0.0016385859, 0.0023319873, 0.0013491497
0.0012922417, 0.0027786193, 0.000995807, 0.0025508956
0.0, 0.0038550436, 3.143626e-05, 0.003945598
0.0, 0.0043717884, 0.0, 0.0044595785
0.0011461789, 0.0038198626, 0.0011382205, 0.0039010914
0.0023962709, 0.0019371809, 0.0023481627, 0.0021369432
0.0033861443, 0.00044426453, 0.003410077, 0.0005991244
0.003458298, 0.0, 0.0035773946, 0.0005893876
0.0035362057, 0.00033713452, 0.0032799593, 0.0007919578
0.003388866, 0.0008139366, 0.0028590763, 0.00083269924
0.0027628853, 0.0016385325, 0.0023320678, 0.0013489842
0.0012919243, 0.0027783427, 0.0009960791, 0.0025508713
0.0, 0.0038547998, 3.185992e-05, 0.003945742
0.0, 0.004371733, 0.0, 0.0044595487
0.0011462097, 0.0038200861, 0.0011382565, 0.0039011403
0.002396338, 0.0019372863, 0.002347969, 0.002136912
0.0033862314, 0.00044435888, 0.0034099517, 0.0005989801
0.0034583476, 0.0, 0.0035773073, 0.0005894162
0.0035362074, 0.00033790822, 0.0032800045, 0.00079173053
0.0033886072, 0.0008140989, 0.0028591966, 0.0008325077
0.0027624634, 0.0016385228, 0.0023321838, 0.0013490554
0.0012917658, 0.00277821, 0.0009963504, 0.0025509612
0.0, 0.0038546333, 3.219214e-05, 0.0039455853
0.0, 0.004371636, 0.0, 0.0044595087
0.00114638, 0.0038201422, 0.0011381815, 0.0039010968
0.0023963235, 0.0019373479, 0.0023478337, 0.0021368624
0.0033861739, 0.0004444069, 0.003409851, 0.00059900834
0.0034583008, 0.0, 0.003577166, 0.00058941985
0.0035361988, 0.00033875558, 0.0032800804, 0.00079159014
0.003388298, 0.0008144307, 0.0028593189, 0.0008324461
0.0027621312, 0.0016384843, 0.002332169, 0.0013490091
0.0012915289, 0.0027780968, 0.0009965636, 0.0025510506
0.0, 0.0038543928, 3.2751188e-05, 0.003945602
0.0, 0.0043713786, 0.0, 0.0044595674
0.0011464442, 0.0038202114, 0.0011381983, 0.0039010318
0.002396416, 0.001937493, 0.0023477091, 0.0021367893
0.0033863566, 0.00044458848, 0.003409609, 0.0005989424
0.0034583223, 0.0, 0.0035770372, 0.00058945897
0.0035360975, 0.00033952337, 0.0032799463, 0.0007913194
0.00338808, 0.00081468705, 0.0028593955, 0.0008323766
0.0027618795, 0.0016383448, 0.002332503, 0.0013491097
0.0012912577, 0.0027778933, 0.0009968636, 0.0025510148
0.0, 0.0038542624, 3.306953e-05, 0.003945715
0.0, 0.0043712663, 0.0, 0.0044594356
0.001146595, 0.0038202554, 0.0011382232, 0.0039009685
0.0023965277, 0.001937619, 0.0023476374, 0.0021366787
0.0033863797, 0.0004447166, 0.0034094588, 0.0005989412
0.00345823, 0.0, 0.0035769085, 0.0005894996
0.0035360844, 0.00034033964, 0.0032800063, 0.0007911677
0.0033878223, 0.0008149598, 0.00285955, 0.00083224056
0.0027615817, 0.0016383553, 0.0023325228, 0.0013489453
0.001291073, 0.002777597, 0.0009971093, 0.0025510907
0.0, 0.0038541323, 3.3553708e-05, 0.0039456007
0.0, 0.0043710554, 0.0, 0.004459312
0.0011466753, 0.0038203504, 0.0011383502, 0.0039011668
0.0023965552, 0.0019377097, 0.0023474726, 0.0021367052
0.0033862721, 0.00044484093, 0.0034090625, 0.00059888384
0.003458219, 0.0, 0.003576687, 0.00058957207
0.0035360623, 0.00034118537, 0.0032800336, 0.0007910494
0.00338763, 0.0008151818, 0.0028596856, 0.0008321333
0.00276139, 0.0016382585, 0.0023326704, 0.001348913
0.0012908081, 0.002777409, 0.0009974438, 0.0025510862
0.0, 0.0038539066, 3.393403e-05, 0.0039455267
0.0, 0.0043710275, 0.0, 0.004459207
0.0011468296, 0.0038204258, 0.0011383428, 0.0039010895
0.0023964876, 0.0019378109, 0.0023473175, 0.002136731
0.0033863494, 0.00044492827, 0.0034090064, 0.0005988056
0.003458179, 0.0, 0.0035765744, 0.0005895652
0.003536074, 0.00034190697, 0.0032800755, 0.00079075084
0.0033874167, 0.00081560167, 0.0028598353, 0.0008320043
0.0027609454, 0.0016382522, 0.0023328399, 0.0013489344
0.0012905526, 0.0027771594, 0.0009976475, 0.00255107
0.0, 0.0038537495, 3.439821e-05, 0.0039454885
0.0, 0.00437088, 0.0, 0.0044592456
0.001146939, 0.0038205255, 0.0011384442, 0.003901166
0.0023966036, 0.0019379061, 0.0023471606, 0.0021366305
0.003386348, 0.00044497268, 0.0034087843, 0.000598726
0.003458045, 0.0, 0.0035764156, 0.0005896226
0.0035360737, 0.00034267458, 0.003280074, 0.0007907171
0.003387163, 0.0008157607, 0.0028599391, 0.0008318699
0.002760764, 0.0016382796, 0.0023329805, 0.0013488453
0.0012904879, 0.002776898, 0.0009978736, 0.0025509482
0.0, 0.003853618, 3.4749875e-05, 0.0039455392
0.0, 0.00437061, 0.0, 0.0044592894
0.001146902, 0.0038206137, 0.0011384614, 0.0039013037
0.0023966592, 0.0019381442, 0.002346899, 0.0021365904
0.0033863764, 0.00044516736, 0.003408558, 0.0005986374
0.0034580282, 0.0, 0.0035762219, 0.0005896636
0.0035360618, 0.00034348882, 0.0032801295, 0.00079046556
0.003386881, 0.00081602036, 0.0028601505, 0.0008317274
0.0027604676, 0.0016381437, 0.0023331656, 0.0013487951
0.0012902376, 0.0027767415, 0.0009981277, 0.002551026
0.0, 0.003853431, 3.5142002e-05, 0.0039454363
0.0, 0.0043705525, 0.0, 0.004459115
0.0011470793, 0.0038207006, 0.0011385494, 0.003901275
0.002396546, 0.0019381766, 0.0023468193, 0.0021366235
0.0033863257, 0.00044522973, 0.0034082986, 0.0005986287
0.0034579833, 0.0, 0.003576141, 0.00058972696
0.0035361326, 0.00034440303, 0.003280195, 0.0007902453
0.0033867287, 0.00081634766, 0.002860215, 0.0008315198
0.0027601714, 0.0016381467, 0.002333254, 0.0013486684
0.0012900525, 0.002776531, 0.0009983775, 0.0025509705
0.0, 0.0038532014, 3.5657195e-05, 0.0039454694
0.0, 0.004370334, 0.0, 0.0044591697
0.0011471262, 0.0038207364, 0.0011385981, 0.0039012767
0.002396582, 0.001938195, 0.0023467054, 0.002136677
0.0033863406, 0.00044535362, 0.0034081605, 0.00059863966
0.0034581039, 0.0, 0.003575915, 0.00058964314
0.0035360323, 0.00034531776, 0.0032800767, 0.00079005974
0.0033864349, 0.00081676507, 0.0028602376, 0.00083150575
0.0027599218, 0.0016381225, 0.0023334662, 0.0013486745
0.001289724, 0.0027762938, 0.0009986918, 0.0025510876
0.0, 0.0038529537, 3.62395e-05, 0.0039454116
0.0, 0.0043701716, 0.0, 0.0044590347
0.0011473497, 0.0038207439, 0.0011387159, 0.0039012856
0.002396743, 0.0019383807, 0.0023465378, 0.0021365376
0.0033863755, 0.00044548238, 0.003407839, 0.00059846253
0.003457892, 0.0, 0.0035757432, 0.0005898472
0.0035360444, 0.00034621358, 0.0032801023, 0.00078995083
0.0033861492, 0.00081700465, 0.0028604046, 0.0008314282
0.0027595183, 0.0016380368, 0.0023335633, 0.0013487044
0.0012895301, 0.002776101, 0.0009988797, 0.0025510567
0.0, 0.0038528035, 3.661105e-05, 0.003945399
0.0, 0.004370035, 0.0, 0.0044589364
0.0011474681, 0.0038209138, 0.0011387288, 0.0039012767
0.0023966883, 0.001938413, 0.0023463522, 0.0021364333
0.0033863718, 0.00044557077, 0.003407652, 0.0005985026
0.0034579432, 0.0, 0.0035756116, 0.0005898439
0.0035360567, 0.00034691027, 0.00328018, 0.0007896921
0.003385926, 0.00081727584, 0.0028605792, 0.00083127787
0.0027592028, 0.0016380282, 0.002333658, 0.0013487452
0.0012892066, 0.002775939, 0.0009991061, 0.0025510325
0.0, 0.0038526708, 3.6989248e-05, 0.0039453674
0.0, 0.0043699793, 0.0, 0.004459035
0.001147578, 0.0038210026, 0.0011387124, 0.0039012877
0.0023967978, 0.001938493, 0.0023462295, 0.0021364177
0.0033864288, 0.0004456004, 0.0034074988, 0.00059835304
0.0034579202, 0.0, 0.0035755264, 0.0005899016
0.0035360018, 0.00034774165, 0.003280207, 0.0007895133
0.0033857531, 0.000817565, 0.0028606523, 0.00083113695
0.0027589682, 0.0016379931, 0.0023339076, 0.0013486128
0.0012890898, 0.002775708, 0.000999435, 0.002551029
0.0, 0.0038525348, 3.7398528e-05, 0.003945372
0.0, 0.004369778, 0.0, 0.004458966
0.0011476495, 0.0038210207, 0.0011387372, 0.0039013524
0.0023967524, 0.0019386709, 0.0023461145, 0.002136359
0.003386528, 0.00044574979, 0.0034073386, 0.0005982469
0.0034578203, 0.0, 0.0035753627, 0.00058994204
0.0035359915, 0.0003485349, 0.0032802601, 0.00078929623
0.0033854314, 0.000817819, 0.0028608749, 0.0008310666
0.002758616, 0.0016380127, 0.0023339037, 0.0013486939
0.0012887662, 0.0027755615, 0.0009996018, 0.0025511582
0.0, 0.003852324, 3.7926413e-05, 0.003945314
0.0, 0.0043696174, 0.0, 0.004458847
0.0011477908, 0.0038211427, 0.0011387945, 0.0039013927
0.0023968457, 0.0019387127, 0.002345987, 0.002136316
0.0033864733, 0.00044584123, 0.0034071095, 0.0005981293
0.0034578738, 0.0, 0.0035752477, 0.0005899803
0.0035359503, 0.00034927722, 0.0032802424, 0.00078917266
0.0033852805, 0.0008180916, 0.0028609743, 0.00083094474
0.0027583407, 0.0016379086, 0.0023340709, 0.0013485536
0.0012884903, 0.002775425, 0.0009998939, 0.0025512232
0.0, 0.0038521446, 3.8200786e-05, 0.003945386
0.0, 0.00436942, 0.0, 0.004458704
0.0011478993, 0.0038211925, 0.0011388813, 0.0039012823
0.0023969752, 0.001938914, 0.0023458912, 0.0021363073
0.0033864798, 0.0004459801, 0.0034068779, 0.0005980966
0.003457733, 0.0, 0.0035750302, 0.0005899882
0.0035358274, 0.00035001372, 0.0032801682, 0.0007889984
0.0033850141, 0.0008184237, 0.002861091, 0.00083085947
0.00275802, 0.0016379015, 0.0023342646, 0.0013486145
0.0012883247, 0.0027751622, 0.0010002461, 0.0025511493
0.0, 0.0038519527, 3.861438e-05, 0.003945269
0.0, 0.0043693627, 0.0, 0.0044586244
0.0011479931, 0.0038213213, 0.0011389615, 0.0039013764
0.002396908, 0.0019389677, 0.0023457806, 0.002136316
0.003386545, 0.00044606414, 0.0034066516, 0.00059809803
0.0034577774, 0.0, 0.0035748412, 0.0005900253
0.003535924, 0.00035087045, 0.0032802105, 0.00078868313
0.0033848456, 0.00081871054, 0.0028612143, 0.00083060795
0.002757719, 0.0016378756, 0.0023344806, 0.001348718
0.0012880153, 0.002774938, 0.0010004274, 0.0025512865
0.0, 0.003851769, 3.9149214e-05, 0.0039452664
0.0, 0.0043691974, 0.0, 0.0044586505
0.0011481514, 0.0038213714, 0.001138888, 0.0039013177
0.0023970346, 0.001939111, 0.002345571, 0.002136301
0.0033866449, 0.00044623425, 0.0034064492, 0.00059795013
0.0034577043, 0.0, 0.003574813, 0.0005900607
0.0035358535, 0.0003516198, 0.003280275, 0.0007884662
0.0033844577, 0.00081903173, 0.002861329, 0.0008306115
0.002757452, 0.001637824, 0.002334648, 0.0013485672
0.0012877703, 0.0027746682, 0.0010007442, 0.0025512408
0.0, 0.0038516717, 3.948517e-05, 0.0039452515
0.0, 0.004369126, 0.0, 0.0044585033
0.0011483444, 0.0038214915, 0.001139031, 0.0039013186
0.002397012, 0.0019392184, 0.0023454446, 0.00213619
0.0033865212, 0.00044629356, 0.0034061854, 0.0005979747
0.003457518, 0.0, 0.0035745613, 0.0005901891
0.0035358225, 0.00035241898, 0.0032803835, 0.00078826747
0.003384355, 0.0008192889, 0.0028615308, 0.00083048193
0.0027570755, 0.0016377806, 0.0023347947, 0.0013485961
0.0012875325, 0.00277452, 0.0010009883, 0.0025512113
0.0, 0.0038515262, 3.9907514e-05, 0.003945027
0.0, 0.00436904, 0.0, 0.0044583553
0.0011484233, 0.0038215942, 0.0011390666, 0.0039014423
0.0023970397, 0.0019392344, 0.0023452805, 0.0021362181
0.003386462, 0.0004463747, 0.0034059135, 0.00059790356
0.003457561, 0.0, 0.0035743965, 0.0005901862
0.0035357436, 0.0003532627, 0.0032803782, 0.00078813266
0.003384034, 0.00081958674, 0.0028617023, 0.0008303978
0.002756763, 0.001637751, 0.0023349603, 0.0013484673
0.0012873998, 0.0027742828, 0.0010012771, 0.002551147
0.0, 0.0038511886, 4.049466e-05, 0.003944945
0.0, 0.0043687834, 0.0, 0.0044582696
0.0011486933, 0.0038217942, 0.0011391758, 0.0039013745
0.0023970497, 0.0019394766, 0.0023449918, 0.0021361285
0.003386399, 0.00044644618, 0.003405722, 0.0005979522
0.0034573758, 0.0, 0.003574365, 0.00059028267
0.0035356602, 0.00035401195, 0.0032803689, 0.0007879584
0.0033838956, 0.0008198166, 0.0028619089, 0.0008302438
0.002756473, 0.0016377142, 0.0023351028, 0.001348499
0.00128712, 0.0027741718, 0.0010015202, 0.0025511915
0.0, 0.0038512019, 4.070099e-05, 0.0039450345
0.0, 0.0043686614, 0.0, 0.004458189
0.0011485864, 0.0038218084, 0.001139074, 0.0039014374
0.0023970946, 0.0019395194, 0.002344937, 0.0021361948
0.0033865918, 0.0004465433, 0.003405623, 0.0005977378
0.0034575164, 0.0, 0.0035741895, 0.0005902582
0.0035356837, 0.000354791, 0.0032804082, 0.0007877046
0.0033835752, 0.00082013325, 0.002861999, 0.00083015335
0.0027561828, 0.0016377182, 0.0023353242, 0.0013484143
0.0012869969, 0.0027739196, 0.0010018077, 0.0025511303
0.0, 0.0038510263, 4.126261e-05, 0.00394506
0.0, 0.004368546, 0.0, 0.0044581112
0.0011487403, 0.0038218508, 0.0011391003, 0.003901365
0.0023972266, 0.0019397208, 0.0023447948, 0.0021362088
0.0033865916, 0.00044675346, 0.0034053626, 0.00059776596
0.0034573833, 0.0, 0.0035740102, 0.0005902887
0.003535585, 0.0003554903, 0.00328041, 0.0007874896
0.0033833387, 0.00082039, 0.0028621436, 0.0008301064
0.0027559495, 0.0016376538, 0.0023354983, 0.0013484382
0.0012866751, 0.0027738467, 0.0010020172, 0.0025511335
0.0, 0.003850758, 4.1631738e-05, 0.0039449683
0.0, 0.0043684267, 0.0, 0.0044581797
0.0011487851, 0.0038220026, 0.0011390238, 0.0039014914
0.002397263, 0.0019398086, 0.002344603, 0.0021361043
0.0033866016, 0.00044673408, 0.0034051724, 0.00059762597
0.0034573814, 0.0, 0.003573949, 0.0005904258
0.0035355622, 0.0003562464, 0.003280507, 0.00078719226
0.003383169, 0.0008206556, 0.0028623154, 0.00082986266
0.002755719, 0.0016376639, 0.0023356758, 0.0013483926
0.001286421, 0.0027736016, 0.0010023447, 0.0025511954
0.0, 0.0038506808, 4.2015014e-05, 0.00394488
0.0, 0.00436827, 0.0, 0.004457968
0.0011489845, 0.003822018, 0.0011392081, 0.0039014465
0.0023972508, 0.0019399805, 0.0023445191, 0.0021361385
0.0033865666, 0.0004469366, 0.0034049659, 0.0005975577
0.0034572782, 0.0, 0.0035736936, 0.00059038715
0.003535429, 0.00035711084, 0.0032804038, 0.0007871878
0.003382795, 0.00082105567, 0.00286244, 0.00082992174
0.0027552706, 0.0016376639, 0.0023358543, 0.0013483885
0.001286203, 0.002773407, 0.0010026247, 0.0025513114
0.0, 0.0038504542, 4.241154e-05, 0.0039448193
0.0, 0.0043681995, 0.0, 0.004457832
0.0011492209, 0.0038221476, 0.0011392852, 0.0039012858
0.0023973729, 0.0019400242, 0.0023443517, 0.0021360135
0.003386603, 0.00044700672, 0.003404795, 0.0005976276
0.00345721, 0.0, 0.0035736565, 0.0005905191
0.003535402, 0.0003578004, 0.0032804124, 0.0007868976
0.0033826344, 0.000821427, 0.002862555, 0.0008297965
0.0027549074, 0.001637699, 0.0023359763, 0.0013485042
0.0012857533, 0.0027732328, 0.0010028471, 0.002551311
0.0, 0.0038502992, 4.284914e-05, 0.00394479
0.0, 0.0043679476, 0.0, 0.004457872
0.0011493264, 0.003822204, 0.0011394037, 0.0039013368
0.0023974753, 0.0019400214, 0.0023442477, 0.002135951
0.003386644, 0.00044704517, 0.0034045605, 0.0005975364
0.003457227, 0.0, 0.003573408, 0.0005904812
0.0035354227, 0.00035862037, 0.003280446, 0.0007865698
0.0033824032, 0.00082172675, 0.002862689, 0.00082963135
0.0027546536, 0.0016377021, 0.0023360795, 0.0013483571
0.001285556, 0.0027730067, 0.0010031515, 0.002551325
0.0, 0.0038501478, 4.32837e-05, 0.003944835
0.0, 0.0043678037, 0.0, 0.004457803
0.0011492663, 0.003822309, 0.0011392644, 0.0039014078
0.0023974294, 0.0019402088, 0.0023440302, 0.002135918
0.0033866668, 0.00044719863, 0.0034043496, 0.00059750304
0.0034571977, 0.0, 0.0035733546, 0.0005904941
0.0035353478, 0.00035932887, 0.003280546, 0.0007863697
0.0033821962, 0.00082182523, 0.0028629098, 0.0008295011
0.002754333, 0.0016375652, 0.0023362376, 0.0013483305
0.0012854537, 0.0027729233, 0.001003348, 0.0025513028
0.0, 0.0038501187, 4.356936e-05, 0.0039447825
0.0, 0.0043677185, 0.0, 0.0044577364
0.0011493367, 0.0038224023, 0.0011392215, 0.0039014297
0.0023975272, 0.0019403246, 0.0023439731, 0.0021359948
0.0033867855, 0.00044728763, 0.0034042806, 0.00059742236
0.003457099, 0.0, 0.0035731355, 0.00059052196
0.0035352998, 0.00036005152, 0.0032805772, 0.0007860855
0.0033818828, 0.00082216156, 0.0028629892, 0.0008293857
0.0027541379, 0.0016375884, 0.002336647, 0.0013482583
0.0012853103, 0.0027725927, 0.0010037255, 0.00255125
0.0, 0.0038499227, 4.3850338e-05, 0.003944772
0.0, 0.0043675886, 0.0, 0.004457679
0.0011493794, 0.0038225078, 0.001139201, 0.0039014465
0.0023976732, 0.0019405474, 0.0023438192, 0.0021359185
0.003386839, 0.000447453, 0.003403975, 0.00059736916
0.0034570177, 0.0, 0.0035730882, 0.000590539
0.0035352355, 0.00036073546, 0.0032805307, 0.00078584696
0.00338158, 0.0008223238, 0.0028632474, 0.0008293458
0.0027537195, 0.0016375707, 0.0023368935, 0.0013484401
0.0012849437, 0.0027725745, 0.0010038512, 0.0025513682
0.0, 0.0038497404, 4.4385524e-05, 0.003944602
0.0, 0.0043675387, 0.0, 0.004457431
0.0011496798, 0.0038226843, 0.0011392417, 0.0039012867
0.0023976238, 0.001940701, 0.0023436153, 0.0021359457
0.0033868134, 0.00044754933, 0.0034037416, 0.0005972917
0.003456923, 0.0, 0.003572956, 0.00059058535
0.0035350686, 0.0003613575, 0.0032806771, 0.00078571873
0.0033814046, 0.0008226417, 0.002863445, 0.00082918094
0.0027535453, 0.0016374445, 0.002337066, 0.0013483795
0.0012847786, 0.0027723762, 0.0010042257, 0.002551381
0.0, 0.0038495949, 4.4623404e-05, 0.003944565
0.0, 0.0043673916, 0.0, 0.004457443
0.0011496238, 0.003822716, 0.0011392238, 0.0039013915
0.0023977987, 0.0019408449, 0.0023434719, 0.002135943
0.0033868155, 0.00044755894, 0.003403647, 0.0005972319
0.003456824, 0.0, 0.003572768, 0.0005906961
0.0035351454, 0.00036214784, 0.0032806834, 0.0007853629
0.0033812716, 0.000822905, 0.0028636141, 0.00082897255
0.002753157, 0.00163754, 0.002337137, 0.0013483604
0.0012844758, 0.002772172, 0.0010044748, 0.0025513475
0.0, 0.0038494642, 4.5164616e-05, 0.00394469
0.0, 0.0043672575, 0.0, 0.00445749
0.0011496771, 0.003822857, 0.0011391763, 0.0039013887
0.0023978993, 0.0019409907, 0.0023433473, 0.0021357967
0.0033868642, 0.00044778385, 0.0034034543, 0.0005973125
0.0034568193, 0.0, 0.0035726868, 0.0005906621
0.003534987, 0.0003627635, 0.0032806601, 0.00078512996
0.0033810493, 0.00082334137, 0.0028637426, 0.00082885154
0.0027530373, 0.0016375178, 0.0023374725, 0.001348328
0.0012842236, 0.0027718656, 0.0010048746, 0.0025513163
0.0, 0.0038492419, 4.5446515e-05, 0.003944561
0.0, 0.0043671206, 0.0, 0.004457363
0.0011497603, 0.0038229593, 0.0011392516, 0.003901436
0.002397928, 0.00194105, 0.0023432013, 0.0021357865
0.0033868947, 0.00044781825, 0.0034032392, 0.0005971943
0.003456711, 0.0, 0.0035725143, 0.0005907518
0.003534978, 0.00036356685, 0.0032806906, 0.0007848607
0.0033808337, 0.0008236229, 0.0028638903, 0.0008287468
0.0027526277, 0.0016375344, 0.0023375992, 0.0013483377
0.001284043, 0.0027717452, 0.001005023, 0.0025513105
0.0, 0.003849085, 4.5904428e-05, 0.0039445
